"U:0","U:1","U:2","p","vtkValidPointMask","arc_length","Points:0","Points:1","Points:2"
0,0,0,107.41,1,0,0.01,0,5e-05
0.009658,-9.644e-10,-8.1998e-11,107.41,1,1e-07,0.01,1e-07,5e-05
0.019316,-1.9288e-09,-1.64e-10,107.41,1,2e-07,0.01,2e-07,5e-05
0.028974,-2.8932e-09,-2.4599e-10,107.41,1,3e-07,0.01,3e-07,5e-05
0.038632,-3.8576e-09,-3.2799e-10,107.41,1,4e-07,0.01,4e-07,5e-05
0.04829,-4.822e-09,-4.0999e-10,107.41,1,5e-07,0.01,5e-07,5e-05
0.057948,-5.7864e-09,-4.9199e-10,107.41,1,6e-07,0.01,6e-07,5e-05
0.067606,-6.7508e-09,-5.7398e-10,107.41,1,7e-07,0.01,7e-07,5e-05
0.077264,-7.7152e-09,-6.5598e-10,107.41,1,8e-07,0.01,8e-07,5e-05
0.086922,-8.6796e-09,-7.3798e-10,107.41,1,9e-07,0.01,9e-07,5e-05
0.09658,-9.644e-09,-8.1998e-10,107.41,1,1e-06,0.01,1e-06,5e-05
0.10624,-1.0608e-08,-9.0198e-10,107.41,1,1.1e-06,0.01,1.1e-06,5e-05
0.1159,-1.1573e-08,-9.8397e-10,107.41,1,1.2e-06,0.01,1.2e-06,5e-05
0.12555,-1.2537e-08,-1.066e-09,107.41,1,1.3e-06,0.01,1.3e-06,5e-05
0.13521,-1.3502e-08,-1.148e-09,107.41,1,1.4e-06,0.01,1.4e-06,5e-05
0.14487,-1.4466e-08,-1.23e-09,107.41,1,1.5e-06,0.01,1.5e-06,5e-05
0.15453,-1.543e-08,-1.312e-09,107.41,1,1.6e-06,0.01,1.6e-06,5e-05
0.16419,-1.6395e-08,-1.394e-09,107.41,1,1.7e-06,0.01,1.7e-06,5e-05
0.17384,-1.7359e-08,-1.476e-09,107.41,1,1.8e-06,0.01,1.8e-06,5e-05
0.1835,-1.8324e-08,-1.558e-09,107.41,1,1.9e-06,0.01,1.9e-06,5e-05
0.19316,-1.9288e-08,-1.64e-09,107.41,1,2e-06,0.01,2e-06,5e-05
0.20282,-2.0252e-08,-1.722e-09,107.41,1,2.1e-06,0.01,2.1e-06,5e-05
0.21248,-2.1217e-08,-1.804e-09,107.41,1,2.2e-06,0.01,2.2e-06,5e-05
0.22213,-2.2181e-08,-1.886e-09,107.41,1,2.3e-06,0.01,2.3e-06,5e-05
0.23179,-2.3146e-08,-1.9679e-09,107.41,1,2.4e-06,0.01,2.4e-06,5e-05
0.24145,-2.411e-08,-2.0499e-09,107.41,1,2.5e-06,0.01,2.5e-06,5e-05
0.25111,-2.5074e-08,-2.1319e-09,107.41,1,2.6e-06,0.01,2.6e-06,5e-05
0.26077,-2.6039e-08,-2.2139e-09,107.41,1,2.7e-06,0.01,2.7e-06,5e-05
0.27042,-2.7003e-08,-2.2959e-09,107.41,1,2.8e-06,0.01,2.8e-06,5e-05
0.28008,-2.7968e-08,-2.3779e-09,107.41,1,2.9e-06,0.01,2.9e-06,5e-05
0.28974,-2.8932e-08,-2.4599e-09,107.41,1,3e-06,0.01,3e-06,5e-05
0.2994,-2.9896e-08,-2.5419e-09,107.41,1,3.1e-06,0.01,3.1e-06,5e-05
0.30905,-3.0861e-08,-2.6239e-09,107.41,1,3.2e-06,0.01,3.2e-06,5e-05
0.31871,-3.1825e-08,-2.7059e-09,107.41,1,3.3e-06,0.01,3.3e-06,5e-05
0.32837,-3.279e-08,-2.7879e-09,107.41,1,3.4e-06,0.01,3.4e-06,5e-05
0.33803,-3.3754e-08,-2.8699e-09,107.41,1,3.5e-06,0.01,3.5e-06,5e-05
0.34769,-3.4718e-08,-2.9519e-09,107.41,1,3.6e-06,0.01,3.6e-06,5e-05
0.35734,-3.5683e-08,-3.0339e-09,107.41,1,3.7e-06,0.01,3.7e-06,5e-05
0.367,-3.6647e-08,-3.1159e-09,107.41,1,3.8e-06,0.01,3.8e-06,5e-05
0.37666,-3.7612e-08,-3.1979e-09,107.41,1,3.9e-06,0.01,3.9e-06,5e-05
0.38632,-3.8576e-08,-3.2799e-09,107.41,1,4e-06,0.01,4e-06,5e-05
0.39598,-3.954e-08,-3.3619e-09,107.41,1,4.1e-06,0.01,4.1e-06,5e-05
0.40563,-4.0505e-08,-3.4439e-09,107.41,1,4.2e-06,0.01,4.2e-06,5e-05
0.41529,-4.1469e-08,-3.5259e-09,107.41,1,4.3e-06,0.01,4.3e-06,5e-05
0.42495,-4.2434e-08,-3.6079e-09,107.41,1,4.4e-06,0.01,4.4e-06,5e-05
0.43461,-4.3398e-08,-3.6899e-09,107.41,1,4.5e-06,0.01,4.5e-06,5e-05
0.44427,-4.4362e-08,-3.7719e-09,107.41,1,4.6e-06,0.01,4.6e-06,5e-05
0.45392,-4.5327e-08,-3.8539e-09,107.41,1,4.7e-06,0.01,4.7e-06,5e-05
0.46358,-4.6291e-08,-3.9359e-09,107.41,1,4.8e-06,0.01,4.8e-06,5e-05
0.47324,-4.7256e-08,-4.0179e-09,107.41,1,4.9e-06,0.01,4.9e-06,5e-05
0.4829,-4.822e-08,-4.0999e-09,107.41,1,5e-06,0.01,5e-06,5e-05
0.49256,-4.9184e-08,-4.1819e-09,107.41,1,5.1e-06,0.01,5.1e-06,5e-05
0.50221,-5.0149e-08,-4.2639e-09,107.41,1,5.2e-06,0.01,5.2e-06,5e-05
0.51187,-5.1113e-08,-4.3459e-09,107.41,1,5.3e-06,0.01,5.3e-06,5e-05
0.52153,-5.2078e-08,-4.4279e-09,107.41,1,5.4e-06,0.01,5.4e-06,5e-05
0.53119,-5.3042e-08,-4.5099e-09,107.41,1,5.5e-06,0.01,5.5e-06,5e-05
0.54085,-5.4007e-08,-4.5919e-09,107.41,1,5.6e-06,0.01,5.6e-06,5e-05
0.5505,-5.4971e-08,-4.6739e-09,107.41,1,5.7e-06,0.01,5.7e-06,5e-05
0.56016,-5.5935e-08,-4.7559e-09,107.41,1,5.8e-06,0.01,5.8e-06,5e-05
0.56982,-5.69e-08,-4.8379e-09,107.41,1,5.9e-06,0.01,5.9e-06,5e-05
0.57948,-5.7864e-08,-4.9199e-09,107.41,1,6e-06,0.01,6e-06,5e-05
0.58914,-5.8829e-08,-5.0019e-09,107.41,1,6.1e-06,0.01,6.1e-06,5e-05
0.59879,-5.9793e-08,-5.0839e-09,107.41,1,6.2e-06,0.01,6.2e-06,5e-05
0.60845,-6.0757e-08,-5.1659e-09,107.41,1,6.3e-06,0.01,6.3e-06,5e-05
0.61811,-6.1722e-08,-5.2479e-09,107.41,1,6.4e-06,0.01,6.4e-06,5e-05
0.62777,-6.2686e-08,-5.3299e-09,107.41,1,6.5e-06,0.01,6.5e-06,5e-05
0.63743,-6.3651e-08,-5.4119e-09,107.41,1,6.6e-06,0.01,6.6e-06,5e-05
0.64708,-6.4615e-08,-5.4939e-09,107.41,1,6.7e-06,0.01,6.7e-06,5e-05
0.65674,-6.5579e-08,-5.5759e-09,107.41,1,6.8e-06,0.01,6.8e-06,5e-05
0.6664,-6.6544e-08,-5.6579e-09,107.41,1,6.9e-06,0.01,6.9e-06,5e-05
0.67606,-6.7508e-08,-5.7398e-09,107.41,1,7e-06,0.01,7e-06,5e-05
0.68572,-6.8473e-08,-5.8218e-09,107.41,1,7.1e-06,0.01,7.1e-06,5e-05
0.69537,-6.9437e-08,-5.9038e-09,107.41,1,7.2e-06,0.01,7.2e-06,5e-05
0.70503,-7.0401e-08,-5.9858e-09,107.41,1,7.3e-06,0.01,7.3e-06,5e-05
0.71469,-7.1366e-08,-6.0678e-09,107.41,1,7.4e-06,0.01,7.4e-06,5e-05
0.72435,-7.233e-08,-6.1498e-09,107.41,1,7.5e-06,0.01,7.5e-06,5e-05
0.73401,-7.3295e-08,-6.2318e-09,107.41,1,7.6e-06,0.01,7.6e-06,5e-05
0.74366,-7.4259e-08,-6.3138e-09,107.41,1,7.7e-06,0.01,7.7e-06,5e-05
0.75332,-7.5223e-08,-6.3958e-09,107.41,1,7.8e-06,0.01,7.8e-06,5e-05
0.76298,-7.6188e-08,-6.4778e-09,107.41,1,7.9e-06,0.01,7.9e-06,5e-05
0.77264,-7.7152e-08,-6.5598e-09,107.41,1,8e-06,0.01,8e-06,5e-05
0.7823,-7.8117e-08,-6.6418e-09,107.41,1,8.1e-06,0.01,8.1e-06,5e-05
0.79195,-7.9081e-08,-6.7238e-09,107.41,1,8.2e-06,0.01,8.2e-06,5e-05
0.80161,-8.0045e-08,-6.8058e-09,107.41,1,8.3e-06,0.01,8.3e-06,5e-05
0.81127,-8.101e-08,-6.8878e-09,107.41,1,8.4e-06,0.01,8.4e-06,5e-05
0.82093,-8.1974e-08,-6.9698e-09,107.41,1,8.5e-06,0.01,8.5e-06,5e-05
0.83059,-8.2939e-08,-7.0518e-09,107.41,1,8.6e-06,0.01,8.6e-06,5e-05
0.84024,-8.3903e-08,-7.1338e-09,107.41,1,8.7e-06,0.01,8.7e-06,5e-05
0.8499,-8.4867e-08,-7.2158e-09,107.41,1,8.8e-06,0.01,8.8e-06,5e-05
0.85956,-8.5832e-08,-7.2978e-09,107.41,1,8.9e-06,0.01,8.9e-06,5e-05
0.86922,-8.6796e-08,-7.3798e-09,107.41,1,9e-06,0.01,9e-06,5e-05
0.87888,-8.7761e-08,-7.4618e-09,107.41,1,9.1e-06,0.01,9.1e-06,5e-05
0.88853,-8.8725e-08,-7.5438e-09,107.41,1,9.2e-06,0.01,9.2e-06,5e-05
0.89819,-8.9689e-08,-7.6258e-09,107.41,1,9.3e-06,0.01,9.3e-06,5e-05
0.90785,-9.0654e-08,-7.7078e-09,107.41,1,9.4e-06,0.01,9.4e-06,5e-05
0.91751,-9.1618e-08,-7.7898e-09,107.41,1,9.5e-06,0.01,9.5e-06,5e-05
0.92716,-9.2583e-08,-7.8718e-09,107.41,1,9.6e-06,0.01,9.6e-06,5e-05
0.93682,-9.3547e-08,-7.9538e-09,107.41,1,9.7e-06,0.01,9.7e-06,5e-05
0.94648,-9.4511e-08,-8.0358e-09,107.41,1,9.8e-06,0.01,9.8e-06,5e-05
0.95614,-9.5476e-08,-8.1178e-09,107.41,1,9.9e-06,0.01,9.9e-06,5e-05
0.9658,-9.644e-08,-8.1998e-09,107.41,1,1e-05,0.01,1e-05,5e-05
0.97545,-9.7405e-08,-8.2818e-09,107.41,1,1.01e-05,0.01,1.01e-05,5e-05
0.98511,-9.8369e-08,-8.3638e-09,107.41,1,1.02e-05,0.01,1.02e-05,5e-05
0.99477,-9.9333e-08,-8.4458e-09,107.41,1,1.03e-05,0.01,1.03e-05,5e-05
1.0044,-1.003e-07,-8.5278e-09,107.41,1,1.04e-05,0.01,1.04e-05,5e-05
1.0141,-1.0126e-07,-8.6098e-09,107.41,1,1.05e-05,0.01,1.05e-05,5e-05
1.0237,-1.0223e-07,-8.6918e-09,107.41,1,1.06e-05,0.01,1.06e-05,5e-05
1.0334,-1.0319e-07,-8.7738e-09,107.41,1,1.07e-05,0.01,1.07e-05,5e-05
1.0431,-1.0416e-07,-8.8558e-09,107.41,1,1.08e-05,0.01,1.08e-05,5e-05
1.0527,-1.0512e-07,-8.9378e-09,107.41,1,1.09e-05,0.01,1.09e-05,5e-05
1.0624,-1.0608e-07,-9.0198e-09,107.41,1,1.1e-05,0.01,1.1e-05,5e-05
1.072,-1.0705e-07,-9.1018e-09,107.41,1,1.11e-05,0.01,1.11e-05,5e-05
1.0817,-1.0801e-07,-9.1838e-09,107.41,1,1.12e-05,0.01,1.12e-05,5e-05
1.0914,-1.0898e-07,-9.2658e-09,107.41,1,1.13e-05,0.01,1.13e-05,5e-05
1.101,-1.0994e-07,-9.3478e-09,107.41,1,1.14e-05,0.01,1.14e-05,5e-05
1.1107,-1.1091e-07,-9.4297e-09,107.41,1,1.15e-05,0.01,1.15e-05,5e-05
1.1203,-1.1187e-07,-9.5117e-09,107.41,1,1.16e-05,0.01,1.16e-05,5e-05
1.13,-1.1284e-07,-9.5937e-09,107.41,1,1.17e-05,0.01,1.17e-05,5e-05
1.1396,-1.138e-07,-9.6757e-09,107.41,1,1.18e-05,0.01,1.18e-05,5e-05
1.1493,-1.1476e-07,-9.7577e-09,107.41,1,1.19e-05,0.01,1.19e-05,5e-05
1.159,-1.1573e-07,-9.8397e-09,107.41,1,1.2e-05,0.01,1.2e-05,5e-05
1.1686,-1.1669e-07,-9.9217e-09,107.41,1,1.21e-05,0.01,1.21e-05,5e-05
1.1783,-1.1766e-07,-1.0004e-08,107.41,1,1.22e-05,0.01,1.22e-05,5e-05
1.1879,-1.1862e-07,-1.0086e-08,107.41,1,1.23e-05,0.01,1.23e-05,5e-05
1.1976,-1.1959e-07,-1.0168e-08,107.41,1,1.24e-05,0.01,1.24e-05,5e-05
1.2072,-1.2055e-07,-1.025e-08,107.41,1,1.25e-05,0.01,1.25e-05,5e-05
1.2169,-1.2151e-07,-1.0332e-08,107.41,1,1.26e-05,0.01,1.26e-05,5e-05
1.2266,-1.2248e-07,-1.0414e-08,107.41,1,1.27e-05,0.01,1.27e-05,5e-05
1.2362,-1.2344e-07,-1.0496e-08,107.41,1,1.28e-05,0.01,1.28e-05,5e-05
1.2459,-1.2441e-07,-1.0578e-08,107.41,1,1.29e-05,0.01,1.29e-05,5e-05
1.2555,-1.2537e-07,-1.066e-08,107.41,1,1.3e-05,0.01,1.3e-05,5e-05
1.2652,-1.2634e-07,-1.0742e-08,107.41,1,1.31e-05,0.01,1.31e-05,5e-05
1.2749,-1.273e-07,-1.0824e-08,107.41,1,1.32e-05,0.01,1.32e-05,5e-05
1.2845,-1.2827e-07,-1.0906e-08,107.41,1,1.33e-05,0.01,1.33e-05,5e-05
1.2942,-1.2923e-07,-1.0988e-08,107.41,1,1.34e-05,0.01,1.34e-05,5e-05
1.3038,-1.3019e-07,-1.107e-08,107.41,1,1.35e-05,0.01,1.35e-05,5e-05
1.3135,-1.3116e-07,-1.1152e-08,107.41,1,1.36e-05,0.01,1.36e-05,5e-05
1.3231,-1.3212e-07,-1.1234e-08,107.41,1,1.37e-05,0.01,1.37e-05,5e-05
1.3328,-1.3309e-07,-1.1316e-08,107.41,1,1.38e-05,0.01,1.38e-05,5e-05
1.3425,-1.3405e-07,-1.1398e-08,107.41,1,1.39e-05,0.01,1.39e-05,5e-05
1.3521,-1.3502e-07,-1.148e-08,107.41,1,1.4e-05,0.01,1.4e-05,5e-05
1.3618,-1.3598e-07,-1.1562e-08,107.41,1,1.41e-05,0.01,1.41e-05,5e-05
1.3714,-1.3695e-07,-1.1644e-08,107.41,1,1.42e-05,0.01,1.42e-05,5e-05
1.3811,-1.3791e-07,-1.1726e-08,107.41,1,1.43e-05,0.01,1.43e-05,5e-05
1.3907,-1.3887e-07,-1.1808e-08,107.41,1,1.44e-05,0.01,1.44e-05,5e-05
1.4004,-1.3984e-07,-1.189e-08,107.41,1,1.45e-05,0.01,1.45e-05,5e-05
1.4101,-1.408e-07,-1.1972e-08,107.41,1,1.46e-05,0.01,1.46e-05,5e-05
1.4197,-1.4177e-07,-1.2054e-08,107.41,1,1.47e-05,0.01,1.47e-05,5e-05
1.4294,-1.4273e-07,-1.2136e-08,107.41,1,1.48e-05,0.01,1.48e-05,5e-05
1.439,-1.437e-07,-1.2218e-08,107.41,1,1.49e-05,0.01,1.49e-05,5e-05
1.4487,-1.4466e-07,-1.23e-08,107.41,1,1.5e-05,0.01,1.5e-05,5e-05
1.4584,-1.4562e-07,-1.2382e-08,107.41,1,1.51e-05,0.01,1.51e-05,5e-05
1.468,-1.4659e-07,-1.2464e-08,107.41,1,1.52e-05,0.01,1.52e-05,5e-05
1.4777,-1.4755e-07,-1.2546e-08,107.41,1,1.53e-05,0.01,1.53e-05,5e-05
1.4873,-1.4852e-07,-1.2628e-08,107.41,1,1.54e-05,0.01,1.54e-05,5e-05
1.497,-1.4948e-07,-1.271e-08,107.41,1,1.55e-05,0.01,1.55e-05,5e-05
1.5066,-1.5045e-07,-1.2792e-08,107.41,1,1.56e-05,0.01,1.56e-05,5e-05
1.5163,-1.5141e-07,-1.2874e-08,107.41,1,1.57e-05,0.01,1.57e-05,5e-05
1.526,-1.5238e-07,-1.2956e-08,107.41,1,1.58e-05,0.01,1.58e-05,5e-05
1.5356,-1.5334e-07,-1.3038e-08,107.41,1,1.59e-05,0.01,1.59e-05,5e-05
1.5453,-1.543e-07,-1.312e-08,107.41,1,1.6e-05,0.01,1.6e-05,5e-05
1.5549,-1.5527e-07,-1.3202e-08,107.41,1,1.61e-05,0.01,1.61e-05,5e-05
1.5646,-1.5623e-07,-1.3284e-08,107.41,1,1.62e-05,0.01,1.62e-05,5e-05
1.5742,-1.572e-07,-1.3366e-08,107.41,1,1.63e-05,0.01,1.63e-05,5e-05
1.5839,-1.5816e-07,-1.3448e-08,107.41,1,1.64e-05,0.01,1.64e-05,5e-05
1.5936,-1.5913e-07,-1.353e-08,107.41,1,1.65e-05,0.01,1.65e-05,5e-05
1.6032,-1.6009e-07,-1.3612e-08,107.41,1,1.66e-05,0.01,1.66e-05,5e-05
1.6129,-1.6106e-07,-1.3694e-08,107.41,1,1.67e-05,0.01,1.67e-05,5e-05
1.6225,-1.6202e-07,-1.3776e-08,107.41,1,1.68e-05,0.01,1.68e-05,5e-05
1.6322,-1.6298e-07,-1.3858e-08,107.41,1,1.69e-05,0.01,1.69e-05,5e-05
1.6419,-1.6395e-07,-1.394e-08,107.41,1,1.7e-05,0.01,1.7e-05,5e-05
1.6515,-1.6491e-07,-1.4022e-08,107.41,1,1.71e-05,0.01,1.71e-05,5e-05
1.6612,-1.6588e-07,-1.4104e-08,107.41,1,1.72e-05,0.01,1.72e-05,5e-05
1.6708,-1.6684e-07,-1.4186e-08,107.41,1,1.73e-05,0.01,1.73e-05,5e-05
1.6805,-1.6781e-07,-1.4268e-08,107.41,1,1.74e-05,0.01,1.74e-05,5e-05
1.6901,-1.6877e-07,-1.435e-08,107.41,1,1.75e-05,0.01,1.75e-05,5e-05
1.6998,-1.6973e-07,-1.4432e-08,107.41,1,1.76e-05,0.01,1.76e-05,5e-05
1.7095,-1.707e-07,-1.4514e-08,107.41,1,1.77e-05,0.01,1.77e-05,5e-05
1.7191,-1.7166e-07,-1.4596e-08,107.41,1,1.78e-05,0.01,1.78e-05,5e-05
1.7288,-1.7263e-07,-1.4678e-08,107.41,1,1.79e-05,0.01,1.79e-05,5e-05
1.7384,-1.7359e-07,-1.476e-08,107.41,1,1.8e-05,0.01,1.8e-05,5e-05
1.7481,-1.7456e-07,-1.4842e-08,107.41,1,1.81e-05,0.01,1.81e-05,5e-05
1.7578,-1.7552e-07,-1.4924e-08,107.41,1,1.82e-05,0.01,1.82e-05,5e-05
1.7674,-1.7649e-07,-1.5006e-08,107.41,1,1.83e-05,0.01,1.83e-05,5e-05
1.7771,-1.7745e-07,-1.5088e-08,107.41,1,1.84e-05,0.01,1.84e-05,5e-05
1.7867,-1.7841e-07,-1.517e-08,107.41,1,1.85e-05,0.01,1.85e-05,5e-05
1.7964,-1.7938e-07,-1.5252e-08,107.41,1,1.86e-05,0.01,1.86e-05,5e-05
1.806,-1.8034e-07,-1.5334e-08,107.41,1,1.87e-05,0.01,1.87e-05,5e-05
1.8157,-1.8131e-07,-1.5416e-08,107.41,1,1.88e-05,0.01,1.88e-05,5e-05
1.8254,-1.8227e-07,-1.5498e-08,107.41,1,1.89e-05,0.01,1.89e-05,5e-05
1.835,-1.8324e-07,-1.558e-08,107.41,1,1.9e-05,0.01,1.9e-05,5e-05
1.8447,-1.842e-07,-1.5662e-08,107.41,1,1.91e-05,0.01,1.91e-05,5e-05
1.8543,-1.8517e-07,-1.5744e-08,107.41,1,1.92e-05,0.01,1.92e-05,5e-05
1.864,-1.8613e-07,-1.5826e-08,107.41,1,1.93e-05,0.01,1.93e-05,5e-05
1.8736,-1.8709e-07,-1.5908e-08,107.41,1,1.94e-05,0.01,1.94e-05,5e-05
1.8833,-1.8806e-07,-1.599e-08,107.41,1,1.95e-05,0.01,1.95e-05,5e-05
1.893,-1.8902e-07,-1.6072e-08,107.41,1,1.96e-05,0.01,1.96e-05,5e-05
1.9026,-1.8999e-07,-1.6154e-08,107.41,1,1.97e-05,0.01,1.97e-05,5e-05
1.9123,-1.9095e-07,-1.6236e-08,107.41,1,1.98e-05,0.01,1.98e-05,5e-05
1.9219,-1.9192e-07,-1.6318e-08,107.41,1,1.99e-05,0.01,1.99e-05,5e-05
1.9316,-1.9288e-07,-1.64e-08,107.41,1,2e-05,0.01,2e-05,5e-05
1.9357,-1.9245e-07,-1.6548e-08,107.41,1,2.01e-05,0.01,2.01e-05,5e-05
1.9399,-1.9202e-07,-1.6697e-08,107.41,1,2.02e-05,0.01,2.02e-05,5e-05
1.944,-1.9159e-07,-1.6846e-08,107.41,1,2.03e-05,0.01,2.03e-05,5e-05
1.9482,-1.9116e-07,-1.6994e-08,107.41,1,2.04e-05,0.01,2.04e-05,5e-05
1.9523,-1.9073e-07,-1.7143e-08,107.41,1,2.05e-05,0.01,2.05e-05,5e-05
1.9564,-1.903e-07,-1.7292e-08,107.41,1,2.06e-05,0.01,2.06e-05,5e-05
1.9606,-1.8986e-07,-1.7441e-08,107.41,1,2.07e-05,0.01,2.07e-05,5e-05
1.9647,-1.8943e-07,-1.7589e-08,107.41,1,2.08e-05,0.01,2.08e-05,5e-05
1.9688,-1.89e-07,-1.7738e-08,107.41,1,2.09e-05,0.01,2.09e-05,5e-05
1.973,-1.8857e-07,-1.7887e-08,107.41,1,2.1e-05,0.01,2.1e-05,5e-05
1.9771,-1.8814e-07,-1.8035e-08,107.41,1,2.11e-05,0.01,2.11e-05,5e-05
1.9813,-1.8771e-07,-1.8184e-08,107.41,1,2.12e-05,0.01,2.12e-05,5e-05
1.9854,-1.8728e-07,-1.8333e-08,107.41,1,2.13e-05,0.01,2.13e-05,5e-05
1.9895,-1.8685e-07,-1.8482e-08,107.41,1,2.14e-05,0.01,2.14e-05,5e-05
1.9937,-1.8642e-07,-1.863e-08,107.41,1,2.15e-05,0.01,2.15e-05,5e-05
1.9978,-1.8599e-07,-1.8779e-08,107.41,1,2.16e-05,0.01,2.16e-05,5e-05
2.002,-1.8556e-07,-1.8928e-08,107.41,1,2.17e-05,0.01,2.17e-05,5e-05
2.0061,-1.8513e-07,-1.9076e-08,107.41,1,2.18e-05,0.01,2.18e-05,5e-05
2.0102,-1.8469e-07,-1.9225e-08,107.41,1,2.19e-05,0.01,2.19e-05,5e-05
2.0144,-1.8426e-07,-1.9374e-08,107.41,1,2.2e-05,0.01,2.2e-05,5e-05
2.0185,-1.8383e-07,-1.9523e-08,107.41,1,2.21e-05,0.01,2.21e-05,5e-05
2.0227,-1.834e-07,-1.9671e-08,107.41,1,2.22e-05,0.01,2.22e-05,5e-05
2.0268,-1.8297e-07,-1.982e-08,107.41,1,2.23e-05,0.01,2.23e-05,5e-05
2.0309,-1.8254e-07,-1.9969e-08,107.41,1,2.24e-05,0.01,2.24e-05,5e-05
2.0351,-1.8211e-07,-2.0117e-08,107.41,1,2.25e-05,0.01,2.25e-05,5e-05
2.0392,-1.8168e-07,-2.0266e-08,107.41,1,2.26e-05,0.01,2.26e-05,5e-05
2.0434,-1.8125e-07,-2.0415e-08,107.41,1,2.27e-05,0.01,2.27e-05,5e-05
2.0475,-1.8082e-07,-2.0564e-08,107.41,1,2.28e-05,0.01,2.28e-05,5e-05
2.0516,-1.8039e-07,-2.0712e-08,107.41,1,2.29e-05,0.01,2.29e-05,5e-05
2.0558,-1.7996e-07,-2.0861e-08,107.41,1,2.3e-05,0.01,2.3e-05,5e-05
2.0599,-1.7952e-07,-2.101e-08,107.41,1,2.31e-05,0.01,2.31e-05,5e-05
2.064,-1.7909e-07,-2.1158e-08,107.41,1,2.32e-05,0.01,2.32e-05,5e-05
2.0682,-1.7866e-07,-2.1307e-08,107.41,1,2.33e-05,0.01,2.33e-05,5e-05
2.0723,-1.7823e-07,-2.1456e-08,107.41,1,2.34e-05,0.01,2.34e-05,5e-05
2.0765,-1.778e-07,-2.1605e-08,107.41,1,2.35e-05,0.01,2.35e-05,5e-05
2.0806,-1.7737e-07,-2.1753e-08,107.41,1,2.36e-05,0.01,2.36e-05,5e-05
2.0847,-1.7694e-07,-2.1902e-08,107.41,1,2.37e-05,0.01,2.37e-05,5e-05
2.0889,-1.7651e-07,-2.2051e-08,107.41,1,2.38e-05,0.01,2.38e-05,5e-05
2.093,-1.7608e-07,-2.2199e-08,107.41,1,2.39e-05,0.01,2.39e-05,5e-05
2.0972,-1.7565e-07,-2.2348e-08,107.41,1,2.4e-05,0.01,2.4e-05,5e-05
2.1013,-1.7522e-07,-2.2497e-08,107.41,1,2.41e-05,0.01,2.41e-05,5e-05
2.1054,-1.7479e-07,-2.2646e-08,107.41,1,2.42e-05,0.01,2.42e-05,5e-05
2.1096,-1.7435e-07,-2.2794e-08,107.41,1,2.43e-05,0.01,2.43e-05,5e-05
2.1137,-1.7392e-07,-2.2943e-08,107.41,1,2.44e-05,0.01,2.44e-05,5e-05
2.1179,-1.7349e-07,-2.3092e-08,107.41,1,2.45e-05,0.01,2.45e-05,5e-05
2.122,-1.7306e-07,-2.324e-08,107.41,1,2.46e-05,0.01,2.46e-05,5e-05
2.1261,-1.7263e-07,-2.3389e-08,107.41,1,2.47e-05,0.01,2.47e-05,5e-05
2.1303,-1.722e-07,-2.3538e-08,107.41,1,2.48e-05,0.01,2.48e-05,5e-05
2.1344,-1.7177e-07,-2.3687e-08,107.41,1,2.49e-05,0.01,2.49e-05,5e-05
2.1386,-1.7134e-07,-2.3835e-08,107.41,1,2.5e-05,0.01,2.5e-05,5e-05
2.1427,-1.7091e-07,-2.3984e-08,107.41,1,2.51e-05,0.01,2.51e-05,5e-05
2.1468,-1.7048e-07,-2.4133e-08,107.41,1,2.52e-05,0.01,2.52e-05,5e-05
2.151,-1.7005e-07,-2.4281e-08,107.41,1,2.53e-05,0.01,2.53e-05,5e-05
2.1551,-1.6962e-07,-2.443e-08,107.41,1,2.54e-05,0.01,2.54e-05,5e-05
2.1592,-1.6918e-07,-2.4579e-08,107.41,1,2.55e-05,0.01,2.55e-05,5e-05
2.1634,-1.6875e-07,-2.4728e-08,107.41,1,2.56e-05,0.01,2.56e-05,5e-05
2.1675,-1.6832e-07,-2.4876e-08,107.41,1,2.57e-05,0.01,2.57e-05,5e-05
2.1717,-1.6789e-07,-2.5025e-08,107.41,1,2.58e-05,0.01,2.58e-05,5e-05
2.1758,-1.6746e-07,-2.5174e-08,107.41,1,2.59e-05,0.01,2.59e-05,5e-05
2.1799,-1.6703e-07,-2.5322e-08,107.41,1,2.6e-05,0.01,2.6e-05,5e-05
2.1841,-1.666e-07,-2.5471e-08,107.41,1,2.61e-05,0.01,2.61e-05,5e-05
2.1882,-1.6617e-07,-2.562e-08,107.41,1,2.62e-05,0.01,2.62e-05,5e-05
2.1924,-1.6574e-07,-2.5769e-08,107.41,1,2.63e-05,0.01,2.63e-05,5e-05
2.1965,-1.6531e-07,-2.5917e-08,107.41,1,2.64e-05,0.01,2.64e-05,5e-05
2.2006,-1.6488e-07,-2.6066e-08,107.41,1,2.65e-05,0.01,2.65e-05,5e-05
2.2048,-1.6445e-07,-2.6215e-08,107.41,1,2.66e-05,0.01,2.66e-05,5e-05
2.2089,-1.6401e-07,-2.6363e-08,107.41,1,2.67e-05,0.01,2.67e-05,5e-05
2.2131,-1.6358e-07,-2.6512e-08,107.41,1,2.68e-05,0.01,2.68e-05,5e-05
2.2172,-1.6315e-07,-2.6661e-08,107.41,1,2.69e-05,0.01,2.69e-05,5e-05
2.2213,-1.6272e-07,-2.681e-08,107.41,1,2.7e-05,0.01,2.7e-05,5e-05
2.2255,-1.6229e-07,-2.6958e-08,107.41,1,2.71e-05,0.01,2.71e-05,5e-05
2.2296,-1.6186e-07,-2.7107e-08,107.41,1,2.72e-05,0.01,2.72e-05,5e-05
2.2338,-1.6143e-07,-2.7256e-08,107.41,1,2.73e-05,0.01,2.73e-05,5e-05
2.2379,-1.61e-07,-2.7404e-08,107.41,1,2.74e-05,0.01,2.74e-05,5e-05
2.242,-1.6057e-07,-2.7553e-08,107.41,1,2.75e-05,0.01,2.75e-05,5e-05
2.2462,-1.6014e-07,-2.7702e-08,107.41,1,2.76e-05,0.01,2.76e-05,5e-05
2.2503,-1.5971e-07,-2.7851e-08,107.41,1,2.77e-05,0.01,2.77e-05,5e-05
2.2544,-1.5928e-07,-2.7999e-08,107.41,1,2.78e-05,0.01,2.78e-05,5e-05
2.2586,-1.5884e-07,-2.8148e-08,107.41,1,2.79e-05,0.01,2.79e-05,5e-05
2.2627,-1.5841e-07,-2.8297e-08,107.41,1,2.8e-05,0.01,2.8e-05,5e-05
2.2669,-1.5798e-07,-2.8445e-08,107.41,1,2.81e-05,0.01,2.81e-05,5e-05
2.271,-1.5755e-07,-2.8594e-08,107.41,1,2.82e-05,0.01,2.82e-05,5e-05
2.2751,-1.5712e-07,-2.8743e-08,107.41,1,2.83e-05,0.01,2.83e-05,5e-05
2.2793,-1.5669e-07,-2.8892e-08,107.41,1,2.84e-05,0.01,2.84e-05,5e-05
2.2834,-1.5626e-07,-2.904e-08,107.41,1,2.85e-05,0.01,2.85e-05,5e-05
2.2876,-1.5583e-07,-2.9189e-08,107.41,1,2.86e-05,0.01,2.86e-05,5e-05
2.2917,-1.554e-07,-2.9338e-08,107.41,1,2.87e-05,0.01,2.87e-05,5e-05
2.2958,-1.5497e-07,-2.9486e-08,107.41,1,2.88e-05,0.01,2.88e-05,5e-05
2.3,-1.5454e-07,-2.9635e-08,107.41,1,2.89e-05,0.01,2.89e-05,5e-05
2.3041,-1.5411e-07,-2.9784e-08,107.41,1,2.9e-05,0.01,2.9e-05,5e-05
2.3083,-1.5367e-07,-2.9933e-08,107.41,1,2.91e-05,0.01,2.91e-05,5e-05
2.3124,-1.5324e-07,-3.0081e-08,107.41,1,2.92e-05,0.01,2.92e-05,5e-05
2.3165,-1.5281e-07,-3.023e-08,107.41,1,2.93e-05,0.01,2.93e-05,5e-05
2.3207,-1.5238e-07,-3.0379e-08,107.41,1,2.94e-05,0.01,2.94e-05,5e-05
2.3248,-1.5195e-07,-3.0527e-08,107.41,1,2.95e-05,0.01,2.95e-05,5e-05
2.329,-1.5152e-07,-3.0676e-08,107.41,1,2.96e-05,0.01,2.96e-05,5e-05
2.3331,-1.5109e-07,-3.0825e-08,107.41,1,2.97e-05,0.01,2.97e-05,5e-05
2.3372,-1.5066e-07,-3.0974e-08,107.41,1,2.98e-05,0.01,2.98e-05,5e-05
2.3414,-1.5023e-07,-3.1122e-08,107.41,1,2.99e-05,0.01,2.99e-05,5e-05
2.3455,-1.498e-07,-3.1271e-08,107.41,1,3e-05,0.01,3e-05,5e-05
2.3496,-1.4937e-07,-3.142e-08,107.41,1,3.01e-05,0.01,3.01e-05,5e-05
2.3538,-1.4894e-07,-3.1568e-08,107.41,1,3.02e-05,0.01,3.02e-05,5e-05
2.3579,-1.485e-07,-3.1717e-08,107.41,1,3.03e-05,0.01,3.03e-05,5e-05
2.3621,-1.4807e-07,-3.1866e-08,107.41,1,3.04e-05,0.01,3.04e-05,5e-05
2.3662,-1.4764e-07,-3.2015e-08,107.41,1,3.05e-05,0.01,3.05e-05,5e-05
2.3703,-1.4721e-07,-3.2163e-08,107.41,1,3.06e-05,0.01,3.06e-05,5e-05
2.3745,-1.4678e-07,-3.2312e-08,107.41,1,3.07e-05,0.01,3.07e-05,5e-05
2.3786,-1.4635e-07,-3.2461e-08,107.41,1,3.08e-05,0.01,3.08e-05,5e-05
2.3828,-1.4592e-07,-3.2609e-08,107.41,1,3.09e-05,0.01,3.09e-05,5e-05
2.3869,-1.4549e-07,-3.2758e-08,107.41,1,3.1e-05,0.01,3.1e-05,5e-05
2.391,-1.4506e-07,-3.2907e-08,107.41,1,3.11e-05,0.01,3.11e-05,5e-05
2.3952,-1.4463e-07,-3.3056e-08,107.41,1,3.12e-05,0.01,3.12e-05,5e-05
2.3993,-1.442e-07,-3.3204e-08,107.41,1,3.13e-05,0.01,3.13e-05,5e-05
2.4035,-1.4377e-07,-3.3353e-08,107.41,1,3.14e-05,0.01,3.14e-05,5e-05
2.4076,-1.4333e-07,-3.3502e-08,107.41,1,3.15e-05,0.01,3.15e-05,5e-05
2.4117,-1.429e-07,-3.365e-08,107.41,1,3.16e-05,0.01,3.16e-05,5e-05
2.4159,-1.4247e-07,-3.3799e-08,107.41,1,3.17e-05,0.01,3.17e-05,5e-05
2.42,-1.4204e-07,-3.3948e-08,107.41,1,3.18e-05,0.01,3.18e-05,5e-05
2.4242,-1.4161e-07,-3.4097e-08,107.41,1,3.19e-05,0.01,3.19e-05,5e-05
2.4283,-1.4118e-07,-3.4245e-08,107.41,1,3.2e-05,0.01,3.2e-05,5e-05
2.4324,-1.4075e-07,-3.4394e-08,107.41,1,3.21e-05,0.01,3.21e-05,5e-05
2.4366,-1.4032e-07,-3.4543e-08,107.41,1,3.22e-05,0.01,3.22e-05,5e-05
2.4407,-1.3989e-07,-3.4691e-08,107.41,1,3.23e-05,0.01,3.23e-05,5e-05
2.4448,-1.3946e-07,-3.484e-08,107.41,1,3.24e-05,0.01,3.24e-05,5e-05
2.449,-1.3903e-07,-3.4989e-08,107.41,1,3.25e-05,0.01,3.25e-05,5e-05
2.4531,-1.386e-07,-3.5138e-08,107.41,1,3.26e-05,0.01,3.26e-05,5e-05
2.4573,-1.3816e-07,-3.5286e-08,107.41,1,3.27e-05,0.01,3.27e-05,5e-05
2.4614,-1.3773e-07,-3.5435e-08,107.41,1,3.28e-05,0.01,3.28e-05,5e-05
2.4655,-1.373e-07,-3.5584e-08,107.41,1,3.29e-05,0.01,3.29e-05,5e-05
2.4697,-1.3687e-07,-3.5732e-08,107.41,1,3.3e-05,0.01,3.3e-05,5e-05
2.4738,-1.3644e-07,-3.5881e-08,107.41,1,3.31e-05,0.01,3.31e-05,5e-05
2.478,-1.3601e-07,-3.603e-08,107.41,1,3.32e-05,0.01,3.32e-05,5e-05
2.4821,-1.3558e-07,-3.6179e-08,107.41,1,3.33e-05,0.01,3.33e-05,5e-05
2.4862,-1.3515e-07,-3.6327e-08,107.41,1,3.34e-05,0.01,3.34e-05,5e-05
2.4904,-1.3472e-07,-3.6476e-08,107.41,1,3.35e-05,0.01,3.35e-05,5e-05
2.4945,-1.3429e-07,-3.6625e-08,107.41,1,3.36e-05,0.01,3.36e-05,5e-05
2.4987,-1.3386e-07,-3.6773e-08,107.41,1,3.37e-05,0.01,3.37e-05,5e-05
2.5028,-1.3343e-07,-3.6922e-08,107.41,1,3.38e-05,0.01,3.38e-05,5e-05
2.5069,-1.3299e-07,-3.7071e-08,107.41,1,3.39e-05,0.01,3.39e-05,5e-05
2.5111,-1.3256e-07,-3.722e-08,107.41,1,3.4e-05,0.01,3.4e-05,5e-05
2.5152,-1.3213e-07,-3.7368e-08,107.41,1,3.41e-05,0.01,3.41e-05,5e-05
2.5194,-1.317e-07,-3.7517e-08,107.41,1,3.42e-05,0.01,3.42e-05,5e-05
2.5235,-1.3127e-07,-3.7666e-08,107.41,1,3.43e-05,0.01,3.43e-05,5e-05
2.5276,-1.3084e-07,-3.7814e-08,107.41,1,3.44e-05,0.01,3.44e-05,5e-05
2.5318,-1.3041e-07,-3.7963e-08,107.41,1,3.45e-05,0.01,3.45e-05,5e-05
2.5359,-1.2998e-07,-3.8112e-08,107.41,1,3.46e-05,0.01,3.46e-05,5e-05
2.5401,-1.2955e-07,-3.8261e-08,107.41,1,3.47e-05,0.01,3.47e-05,5e-05
2.5442,-1.2912e-07,-3.8409e-08,107.41,1,3.48e-05,0.01,3.48e-05,5e-05
2.5483,-1.2869e-07,-3.8558e-08,107.41,1,3.49e-05,0.01,3.49e-05,5e-05
2.5525,-1.2826e-07,-3.8707e-08,107.41,1,3.5e-05,0.01,3.5e-05,5e-05
2.5566,-1.2782e-07,-3.8855e-08,107.41,1,3.51e-05,0.01,3.51e-05,5e-05
2.5607,-1.2739e-07,-3.9004e-08,107.41,1,3.52e-05,0.01,3.52e-05,5e-05
2.5649,-1.2696e-07,-3.9153e-08,107.41,1,3.53e-05,0.01,3.53e-05,5e-05
2.569,-1.2653e-07,-3.9302e-08,107.41,1,3.54e-05,0.01,3.54e-05,5e-05
2.5732,-1.261e-07,-3.945e-08,107.41,1,3.55e-05,0.01,3.55e-05,5e-05
2.5773,-1.2567e-07,-3.9599e-08,107.41,1,3.56e-05,0.01,3.56e-05,5e-05
2.5814,-1.2524e-07,-3.9748e-08,107.41,1,3.57e-05,0.01,3.57e-05,5e-05
2.5856,-1.2481e-07,-3.9896e-08,107.41,1,3.58e-05,0.01,3.58e-05,5e-05
2.5897,-1.2438e-07,-4.0045e-08,107.41,1,3.59e-05,0.01,3.59e-05,5e-05
2.5939,-1.2395e-07,-4.0194e-08,107.41,1,3.6e-05,0.01,3.6e-05,5e-05
2.598,-1.2352e-07,-4.0343e-08,107.41,1,3.61e-05,0.01,3.61e-05,5e-05
2.6021,-1.2309e-07,-4.0491e-08,107.41,1,3.62e-05,0.01,3.62e-05,5e-05
2.6063,-1.2265e-07,-4.064e-08,107.41,1,3.63e-05,0.01,3.63e-05,5e-05
2.6104,-1.2222e-07,-4.0789e-08,107.41,1,3.64e-05,0.01,3.64e-05,5e-05
2.6146,-1.2179e-07,-4.0937e-08,107.41,1,3.65e-05,0.01,3.65e-05,5e-05
2.6187,-1.2136e-07,-4.1086e-08,107.41,1,3.66e-05,0.01,3.66e-05,5e-05
2.6228,-1.2093e-07,-4.1235e-08,107.41,1,3.67e-05,0.01,3.67e-05,5e-05
2.627,-1.205e-07,-4.1384e-08,107.41,1,3.68e-05,0.01,3.68e-05,5e-05
2.6311,-1.2007e-07,-4.1532e-08,107.41,1,3.69e-05,0.01,3.69e-05,5e-05
2.6353,-1.1964e-07,-4.1681e-08,107.41,1,3.7e-05,0.01,3.7e-05,5e-05
2.6394,-1.1921e-07,-4.183e-08,107.41,1,3.71e-05,0.01,3.71e-05,5e-05
2.6435,-1.1878e-07,-4.1978e-08,107.41,1,3.72e-05,0.01,3.72e-05,5e-05
2.6477,-1.1835e-07,-4.2127e-08,107.41,1,3.73e-05,0.01,3.73e-05,5e-05
2.6518,-1.1792e-07,-4.2276e-08,107.41,1,3.74e-05,0.01,3.74e-05,5e-05
2.6559,-1.1748e-07,-4.2425e-08,107.41,1,3.75e-05,0.01,3.75e-05,5e-05
2.6601,-1.1705e-07,-4.2573e-08,107.41,1,3.76e-05,0.01,3.76e-05,5e-05
2.6642,-1.1662e-07,-4.2722e-08,107.41,1,3.77e-05,0.01,3.77e-05,5e-05
2.6684,-1.1619e-07,-4.2871e-08,107.41,1,3.78e-05,0.01,3.78e-05,5e-05
2.6725,-1.1576e-07,-4.3019e-08,107.41,1,3.79e-05,0.01,3.79e-05,5e-05
2.6766,-1.1533e-07,-4.3168e-08,107.41,1,3.8e-05,0.01,3.8e-05,5e-05
2.6808,-1.149e-07,-4.3317e-08,107.41,1,3.81e-05,0.01,3.81e-05,5e-05
2.6849,-1.1447e-07,-4.3466e-08,107.41,1,3.82e-05,0.01,3.82e-05,5e-05
2.6891,-1.1404e-07,-4.3614e-08,107.41,1,3.83e-05,0.01,3.83e-05,5e-05
2.6932,-1.1361e-07,-4.3763e-08,107.41,1,3.84e-05,0.01,3.84e-05,5e-05
2.6973,-1.1318e-07,-4.3912e-08,107.41,1,3.85e-05,0.01,3.85e-05,5e-05
2.7015,-1.1275e-07,-4.406e-08,107.41,1,3.86e-05,0.01,3.86e-05,5e-05
2.7056,-1.1231e-07,-4.4209e-08,107.41,1,3.87e-05,0.01,3.87e-05,5e-05
2.7098,-1.1188e-07,-4.4358e-08,107.41,1,3.88e-05,0.01,3.88e-05,5e-05
2.7139,-1.1145e-07,-4.4507e-08,107.41,1,3.89e-05,0.01,3.89e-05,5e-05
2.718,-1.1102e-07,-4.4655e-08,107.41,1,3.9e-05,0.01,3.9e-05,5e-05
2.7222,-1.1059e-07,-4.4804e-08,107.41,1,3.91e-05,0.01,3.91e-05,5e-05
2.7263,-1.1016e-07,-4.4953e-08,107.41,1,3.92e-05,0.01,3.92e-05,5e-05
2.7305,-1.0973e-07,-4.5101e-08,107.41,1,3.93e-05,0.01,3.93e-05,5e-05
2.7346,-1.093e-07,-4.525e-08,107.41,1,3.94e-05,0.01,3.94e-05,5e-05
2.7387,-1.0887e-07,-4.5399e-08,107.41,1,3.95e-05,0.01,3.95e-05,5e-05
2.7429,-1.0844e-07,-4.5548e-08,107.41,1,3.96e-05,0.01,3.96e-05,5e-05
2.747,-1.0801e-07,-4.5696e-08,107.41,1,3.97e-05,0.01,3.97e-05,5e-05
2.7511,-1.0758e-07,-4.5845e-08,107.41,1,3.98e-05,0.01,3.98e-05,5e-05
2.7553,-1.0714e-07,-4.5994e-08,107.41,1,3.99e-05,0.01,3.99e-05,5e-05
2.7594,-1.0671e-07,-4.6142e-08,107.41,1,4e-05,0.01,4e-05,5e-05
2.7594,-1.062e-07,-4.6154e-08,107.41,1,4.01e-05,0.01,4.01e-05,5e-05
2.7594,-1.0568e-07,-4.6165e-08,107.41,1,4.02e-05,0.01,4.02e-05,5e-05
2.7594,-1.0516e-07,-4.6177e-08,107.41,1,4.03e-05,0.01,4.03e-05,5e-05
2.7594,-1.0464e-07,-4.6188e-08,107.41,1,4.04e-05,0.01,4.04e-05,5e-05
2.7594,-1.0412e-07,-4.62e-08,107.41,1,4.05e-05,0.01,4.05e-05,5e-05
2.7594,-1.036e-07,-4.6211e-08,107.41,1,4.06e-05,0.01,4.06e-05,5e-05
2.7594,-1.0309e-07,-4.6222e-08,107.41,1,4.07e-05,0.01,4.07e-05,5e-05
2.7594,-1.0257e-07,-4.6234e-08,107.41,1,4.08e-05,0.01,4.08e-05,5e-05
2.7594,-1.0205e-07,-4.6245e-08,107.41,1,4.09e-05,0.01,4.09e-05,5e-05
2.7594,-1.0153e-07,-4.6257e-08,107.41,1,4.1e-05,0.01,4.1e-05,5e-05
2.7594,-1.0101e-07,-4.6268e-08,107.41,1,4.11e-05,0.01,4.11e-05,5e-05
2.7594,-1.0049e-07,-4.628e-08,107.41,1,4.12e-05,0.01,4.12e-05,5e-05
2.7594,-9.9977e-08,-4.6291e-08,107.41,1,4.13e-05,0.01,4.13e-05,5e-05
2.7594,-9.9458e-08,-4.6303e-08,107.41,1,4.14e-05,0.01,4.14e-05,5e-05
2.7594,-9.894e-08,-4.6314e-08,107.41,1,4.15e-05,0.01,4.15e-05,5e-05
2.7594,-9.8422e-08,-4.6325e-08,107.41,1,4.16e-05,0.01,4.16e-05,5e-05
2.7594,-9.7904e-08,-4.6337e-08,107.41,1,4.17e-05,0.01,4.17e-05,5e-05
2.7594,-9.7386e-08,-4.6348e-08,107.41,1,4.18e-05,0.01,4.18e-05,5e-05
2.7594,-9.6867e-08,-4.636e-08,107.41,1,4.19e-05,0.01,4.19e-05,5e-05
2.7594,-9.6349e-08,-4.6371e-08,107.41,1,4.2e-05,0.01,4.2e-05,5e-05
2.7594,-9.5831e-08,-4.6383e-08,107.41,1,4.21e-05,0.01,4.21e-05,5e-05
2.7594,-9.5313e-08,-4.6394e-08,107.41,1,4.22e-05,0.01,4.22e-05,5e-05
2.7594,-9.4794e-08,-4.6405e-08,107.41,1,4.23e-05,0.01,4.23e-05,5e-05
2.7594,-9.4276e-08,-4.6417e-08,107.41,1,4.24e-05,0.01,4.24e-05,5e-05
2.7594,-9.3758e-08,-4.6428e-08,107.41,1,4.25e-05,0.01,4.25e-05,5e-05
2.7594,-9.324e-08,-4.644e-08,107.41,1,4.26e-05,0.01,4.26e-05,5e-05
2.7594,-9.2722e-08,-4.6451e-08,107.41,1,4.27e-05,0.01,4.27e-05,5e-05
2.7594,-9.2203e-08,-4.6463e-08,107.41,1,4.28e-05,0.01,4.28e-05,5e-05
2.7594,-9.1685e-08,-4.6474e-08,107.41,1,4.29e-05,0.01,4.29e-05,5e-05
2.7594,-9.1167e-08,-4.6486e-08,107.41,1,4.3e-05,0.01,4.3e-05,5e-05
2.7594,-9.0649e-08,-4.6497e-08,107.41,1,4.31e-05,0.01,4.31e-05,5e-05
2.7594,-9.013e-08,-4.6508e-08,107.41,1,4.32e-05,0.01,4.32e-05,5e-05
2.7594,-8.9612e-08,-4.652e-08,107.41,1,4.33e-05,0.01,4.33e-05,5e-05
2.7594,-8.9094e-08,-4.6531e-08,107.41,1,4.34e-05,0.01,4.34e-05,5e-05
2.7594,-8.8576e-08,-4.6543e-08,107.41,1,4.35e-05,0.01,4.35e-05,5e-05
2.7594,-8.8058e-08,-4.6554e-08,107.41,1,4.36e-05,0.01,4.36e-05,5e-05
2.7594,-8.7539e-08,-4.6566e-08,107.41,1,4.37e-05,0.01,4.37e-05,5e-05
2.7594,-8.7021e-08,-4.6577e-08,107.41,1,4.38e-05,0.01,4.38e-05,5e-05
2.7594,-8.6503e-08,-4.6588e-08,107.41,1,4.39e-05,0.01,4.39e-05,5e-05
2.7594,-8.5985e-08,-4.66e-08,107.41,1,4.4e-05,0.01,4.4e-05,5e-05
2.7594,-8.5466e-08,-4.6611e-08,107.41,1,4.41e-05,0.01,4.41e-05,5e-05
2.7594,-8.4948e-08,-4.6623e-08,107.41,1,4.42e-05,0.01,4.42e-05,5e-05
2.7594,-8.443e-08,-4.6634e-08,107.41,1,4.43e-05,0.01,4.43e-05,5e-05
2.7594,-8.3912e-08,-4.6646e-08,107.41,1,4.44e-05,0.01,4.44e-05,5e-05
2.7594,-8.3394e-08,-4.6657e-08,107.41,1,4.45e-05,0.01,4.45e-05,5e-05
2.7594,-8.2875e-08,-4.6669e-08,107.41,1,4.46e-05,0.01,4.46e-05,5e-05
2.7594,-8.2357e-08,-4.668e-08,107.41,1,4.47e-05,0.01,4.47e-05,5e-05
2.7594,-8.1839e-08,-4.6691e-08,107.41,1,4.48e-05,0.01,4.48e-05,5e-05
2.7594,-8.1321e-08,-4.6703e-08,107.41,1,4.49e-05,0.01,4.49e-05,5e-05
2.7594,-8.0802e-08,-4.6714e-08,107.41,1,4.5e-05,0.01,4.5e-05,5e-05
2.7594,-8.0284e-08,-4.6726e-08,107.41,1,4.51e-05,0.01,4.51e-05,5e-05
2.7594,-7.9766e-08,-4.6737e-08,107.41,1,4.52e-05,0.01,4.52e-05,5e-05
2.7594,-7.9248e-08,-4.6749e-08,107.41,1,4.53e-05,0.01,4.53e-05,5e-05
2.7594,-7.873e-08,-4.676e-08,107.41,1,4.54e-05,0.01,4.54e-05,5e-05
2.7594,-7.8211e-08,-4.6771e-08,107.41,1,4.55e-05,0.01,4.55e-05,5e-05
2.7594,-7.7693e-08,-4.6783e-08,107.41,1,4.56e-05,0.01,4.56e-05,5e-05
2.7594,-7.7175e-08,-4.6794e-08,107.41,1,4.57e-05,0.01,4.57e-05,5e-05
2.7594,-7.6657e-08,-4.6806e-08,107.41,1,4.58e-05,0.01,4.58e-05,5e-05
2.7594,-7.6139e-08,-4.6817e-08,107.41,1,4.59e-05,0.01,4.59e-05,5e-05
2.7594,-7.562e-08,-4.6829e-08,107.41,1,4.6e-05,0.01,4.6e-05,5e-05
2.7594,-7.5102e-08,-4.684e-08,107.41,1,4.61e-05,0.01,4.61e-05,5e-05
2.7594,-7.4584e-08,-4.6851e-08,107.41,1,4.62e-05,0.01,4.62e-05,5e-05
2.7594,-7.4066e-08,-4.6863e-08,107.41,1,4.63e-05,0.01,4.63e-05,5e-05
2.7594,-7.3547e-08,-4.6874e-08,107.41,1,4.64e-05,0.01,4.64e-05,5e-05
2.7594,-7.3029e-08,-4.6886e-08,107.41,1,4.65e-05,0.01,4.65e-05,5e-05
2.7594,-7.2511e-08,-4.6897e-08,107.41,1,4.66e-05,0.01,4.66e-05,5e-05
2.7594,-7.1993e-08,-4.6909e-08,107.41,1,4.67e-05,0.01,4.67e-05,5e-05
2.7594,-7.1475e-08,-4.692e-08,107.41,1,4.68e-05,0.01,4.68e-05,5e-05
2.7594,-7.0956e-08,-4.6932e-08,107.41,1,4.69e-05,0.01,4.69e-05,5e-05
2.7594,-7.0438e-08,-4.6943e-08,107.41,1,4.7e-05,0.01,4.7e-05,5e-05
2.7594,-6.992e-08,-4.6954e-08,107.41,1,4.71e-05,0.01,4.71e-05,5e-05
2.7594,-6.9402e-08,-4.6966e-08,107.41,1,4.72e-05,0.01,4.72e-05,5e-05
2.7594,-6.8883e-08,-4.6977e-08,107.41,1,4.73e-05,0.01,4.73e-05,5e-05
2.7594,-6.8365e-08,-4.6989e-08,107.41,1,4.74e-05,0.01,4.74e-05,5e-05
2.7594,-6.7847e-08,-4.7e-08,107.41,1,4.75e-05,0.01,4.75e-05,5e-05
2.7594,-6.7329e-08,-4.7012e-08,107.41,1,4.76e-05,0.01,4.76e-05,5e-05
2.7594,-6.6811e-08,-4.7023e-08,107.41,1,4.77e-05,0.01,4.77e-05,5e-05
2.7594,-6.6292e-08,-4.7034e-08,107.41,1,4.78e-05,0.01,4.78e-05,5e-05
2.7594,-6.5774e-08,-4.7046e-08,107.41,1,4.79e-05,0.01,4.79e-05,5e-05
2.7594,-6.5256e-08,-4.7057e-08,107.41,1,4.8e-05,0.01,4.8e-05,5e-05
2.7594,-6.4738e-08,-4.7069e-08,107.41,1,4.81e-05,0.01,4.81e-05,5e-05
2.7594,-6.4219e-08,-4.708e-08,107.41,1,4.82e-05,0.01,4.82e-05,5e-05
2.7594,-6.3701e-08,-4.7092e-08,107.41,1,4.83e-05,0.01,4.83e-05,5e-05
2.7594,-6.3183e-08,-4.7103e-08,107.41,1,4.84e-05,0.01,4.84e-05,5e-05
2.7594,-6.2665e-08,-4.7115e-08,107.41,1,4.85e-05,0.01,4.85e-05,5e-05
2.7594,-6.2147e-08,-4.7126e-08,107.41,1,4.86e-05,0.01,4.86e-05,5e-05
2.7594,-6.1628e-08,-4.7137e-08,107.41,1,4.87e-05,0.01,4.87e-05,5e-05
2.7594,-6.111e-08,-4.7149e-08,107.41,1,4.88e-05,0.01,4.88e-05,5e-05
2.7594,-6.0592e-08,-4.716e-08,107.41,1,4.89e-05,0.01,4.89e-05,5e-05
2.7594,-6.0074e-08,-4.7172e-08,107.41,1,4.9e-05,0.01,4.9e-05,5e-05
2.7594,-5.9555e-08,-4.7183e-08,107.41,1,4.91e-05,0.01,4.91e-05,5e-05
2.7594,-5.9037e-08,-4.7195e-08,107.41,1,4.92e-05,0.01,4.92e-05,5e-05
2.7594,-5.8519e-08,-4.7206e-08,107.41,1,4.93e-05,0.01,4.93e-05,5e-05
2.7594,-5.8001e-08,-4.7217e-08,107.41,1,4.94e-05,0.01,4.94e-05,5e-05
2.7594,-5.7483e-08,-4.7229e-08,107.41,1,4.95e-05,0.01,4.95e-05,5e-05
2.7594,-5.6964e-08,-4.724e-08,107.41,1,4.96e-05,0.01,4.96e-05,5e-05
2.7594,-5.6446e-08,-4.7252e-08,107.41,1,4.97e-05,0.01,4.97e-05,5e-05
2.7594,-5.5928e-08,-4.7263e-08,107.41,1,4.98e-05,0.01,4.98e-05,5e-05
2.7594,-5.541e-08,-4.7275e-08,107.41,1,4.99e-05,0.01,4.99e-05,5e-05
2.7594,-5.4891e-08,-4.7286e-08,107.41,1,5e-05,0.01,5e-05,5e-05
2.7594,-5.4373e-08,-4.7297e-08,107.41,1,5.01e-05,0.01,5.01e-05,5e-05
2.7594,-5.3855e-08,-4.7309e-08,107.41,1,5.02e-05,0.01,5.02e-05,5e-05
2.7594,-5.3337e-08,-4.732e-08,107.41,1,5.03e-05,0.01,5.03e-05,5e-05
2.7594,-5.2819e-08,-4.7332e-08,107.41,1,5.04e-05,0.01,5.04e-05,5e-05
2.7594,-5.23e-08,-4.7343e-08,107.41,1,5.05e-05,0.01,5.05e-05,5e-05
2.7594,-5.1782e-08,-4.7355e-08,107.41,1,5.06e-05,0.01,5.06e-05,5e-05
2.7594,-5.1264e-08,-4.7366e-08,107.41,1,5.07e-05,0.01,5.07e-05,5e-05
2.7594,-5.0746e-08,-4.7378e-08,107.41,1,5.08e-05,0.01,5.08e-05,5e-05
2.7594,-5.0228e-08,-4.7389e-08,107.41,1,5.09e-05,0.01,5.09e-05,5e-05
2.7594,-4.9709e-08,-4.74e-08,107.41,1,5.1e-05,0.01,5.1e-05,5e-05
2.7594,-4.9191e-08,-4.7412e-08,107.41,1,5.11e-05,0.01,5.11e-05,5e-05
2.7594,-4.8673e-08,-4.7423e-08,107.41,1,5.12e-05,0.01,5.12e-05,5e-05
2.7594,-4.8155e-08,-4.7435e-08,107.41,1,5.13e-05,0.01,5.13e-05,5e-05
2.7594,-4.7636e-08,-4.7446e-08,107.41,1,5.14e-05,0.01,5.14e-05,5e-05
2.7594,-4.7118e-08,-4.7458e-08,107.41,1,5.15e-05,0.01,5.15e-05,5e-05
2.7594,-4.66e-08,-4.7469e-08,107.41,1,5.16e-05,0.01,5.16e-05,5e-05
2.7594,-4.6082e-08,-4.748e-08,107.41,1,5.17e-05,0.01,5.17e-05,5e-05
2.7594,-4.5564e-08,-4.7492e-08,107.41,1,5.18e-05,0.01,5.18e-05,5e-05
2.7594,-4.5045e-08,-4.7503e-08,107.41,1,5.19e-05,0.01,5.19e-05,5e-05
2.7594,-4.4527e-08,-4.7515e-08,107.41,1,5.2e-05,0.01,5.2e-05,5e-05
2.7594,-4.4009e-08,-4.7526e-08,107.41,1,5.21e-05,0.01,5.21e-05,5e-05
2.7594,-4.3491e-08,-4.7538e-08,107.41,1,5.22e-05,0.01,5.22e-05,5e-05
2.7594,-4.2972e-08,-4.7549e-08,107.41,1,5.23e-05,0.01,5.23e-05,5e-05
2.7594,-4.2454e-08,-4.7561e-08,107.41,1,5.24e-05,0.01,5.24e-05,5e-05
2.7594,-4.1936e-08,-4.7572e-08,107.41,1,5.25e-05,0.01,5.25e-05,5e-05
2.7594,-4.1418e-08,-4.7583e-08,107.41,1,5.26e-05,0.01,5.26e-05,5e-05
2.7594,-4.09e-08,-4.7595e-08,107.41,1,5.27e-05,0.01,5.27e-05,5e-05
2.7594,-4.0381e-08,-4.7606e-08,107.41,1,5.28e-05,0.01,5.28e-05,5e-05
2.7594,-3.9863e-08,-4.7618e-08,107.41,1,5.29e-05,0.01,5.29e-05,5e-05
2.7594,-3.9345e-08,-4.7629e-08,107.41,1,5.3e-05,0.01,5.3e-05,5e-05
2.7594,-3.8827e-08,-4.7641e-08,107.41,1,5.31e-05,0.01,5.31e-05,5e-05
2.7594,-3.8308e-08,-4.7652e-08,107.41,1,5.32e-05,0.01,5.32e-05,5e-05
2.7594,-3.779e-08,-4.7663e-08,107.41,1,5.33e-05,0.01,5.33e-05,5e-05
2.7594,-3.7272e-08,-4.7675e-08,107.41,1,5.34e-05,0.01,5.34e-05,5e-05
2.7594,-3.6754e-08,-4.7686e-08,107.41,1,5.35e-05,0.01,5.35e-05,5e-05
2.7594,-3.6236e-08,-4.7698e-08,107.41,1,5.36e-05,0.01,5.36e-05,5e-05
2.7594,-3.5717e-08,-4.7709e-08,107.41,1,5.37e-05,0.01,5.37e-05,5e-05
2.7594,-3.5199e-08,-4.7721e-08,107.41,1,5.38e-05,0.01,5.38e-05,5e-05
2.7594,-3.4681e-08,-4.7732e-08,107.41,1,5.39e-05,0.01,5.39e-05,5e-05
2.7594,-3.4163e-08,-4.7744e-08,107.41,1,5.4e-05,0.01,5.4e-05,5e-05
2.7594,-3.3644e-08,-4.7755e-08,107.41,1,5.41e-05,0.01,5.41e-05,5e-05
2.7594,-3.3126e-08,-4.7766e-08,107.41,1,5.42e-05,0.01,5.42e-05,5e-05
2.7594,-3.2608e-08,-4.7778e-08,107.41,1,5.43e-05,0.01,5.43e-05,5e-05
2.7594,-3.209e-08,-4.7789e-08,107.41,1,5.44e-05,0.01,5.44e-05,5e-05
2.7594,-3.1572e-08,-4.7801e-08,107.41,1,5.45e-05,0.01,5.45e-05,5e-05
2.7594,-3.1053e-08,-4.7812e-08,107.41,1,5.46e-05,0.01,5.46e-05,5e-05
2.7594,-3.0535e-08,-4.7824e-08,107.41,1,5.47e-05,0.01,5.47e-05,5e-05
2.7594,-3.0017e-08,-4.7835e-08,107.41,1,5.48e-05,0.01,5.48e-05,5e-05
2.7594,-2.9499e-08,-4.7846e-08,107.41,1,5.49e-05,0.01,5.49e-05,5e-05
2.7594,-2.898e-08,-4.7858e-08,107.41,1,5.5e-05,0.01,5.5e-05,5e-05
2.7594,-2.8462e-08,-4.7869e-08,107.41,1,5.51e-05,0.01,5.51e-05,5e-05
2.7594,-2.7944e-08,-4.7881e-08,107.41,1,5.52e-05,0.01,5.52e-05,5e-05
2.7594,-2.7426e-08,-4.7892e-08,107.41,1,5.53e-05,0.01,5.53e-05,5e-05
2.7594,-2.6908e-08,-4.7904e-08,107.41,1,5.54e-05,0.01,5.54e-05,5e-05
2.7594,-2.6389e-08,-4.7915e-08,107.41,1,5.55e-05,0.01,5.55e-05,5e-05
2.7594,-2.5871e-08,-4.7926e-08,107.41,1,5.56e-05,0.01,5.56e-05,5e-05
2.7594,-2.5353e-08,-4.7938e-08,107.41,1,5.57e-05,0.01,5.57e-05,5e-05
2.7594,-2.4835e-08,-4.7949e-08,107.41,1,5.58e-05,0.01,5.58e-05,5e-05
2.7594,-2.4317e-08,-4.7961e-08,107.41,1,5.59e-05,0.01,5.59e-05,5e-05
2.7594,-2.3798e-08,-4.7972e-08,107.41,1,5.6e-05,0.01,5.6e-05,5e-05
2.7594,-2.328e-08,-4.7984e-08,107.41,1,5.61e-05,0.01,5.61e-05,5e-05
2.7594,-2.2762e-08,-4.7995e-08,107.41,1,5.62e-05,0.01,5.62e-05,5e-05
2.7594,-2.2244e-08,-4.8007e-08,107.41,1,5.63e-05,0.01,5.63e-05,5e-05
2.7594,-2.1725e-08,-4.8018e-08,107.41,1,5.64e-05,0.01,5.64e-05,5e-05
2.7594,-2.1207e-08,-4.8029e-08,107.41,1,5.65e-05,0.01,5.65e-05,5e-05
2.7594,-2.0689e-08,-4.8041e-08,107.41,1,5.66e-05,0.01,5.66e-05,5e-05
2.7594,-2.0171e-08,-4.8052e-08,107.41,1,5.67e-05,0.01,5.67e-05,5e-05
2.7594,-1.9653e-08,-4.8064e-08,107.41,1,5.68e-05,0.01,5.68e-05,5e-05
2.7594,-1.9134e-08,-4.8075e-08,107.41,1,5.69e-05,0.01,5.69e-05,5e-05
2.7594,-1.8616e-08,-4.8087e-08,107.41,1,5.7e-05,0.01,5.7e-05,5e-05
2.7594,-1.8098e-08,-4.8098e-08,107.41,1,5.71e-05,0.01,5.71e-05,5e-05
2.7594,-1.758e-08,-4.8109e-08,107.41,1,5.72e-05,0.01,5.72e-05,5e-05
2.7594,-1.7061e-08,-4.8121e-08,107.41,1,5.73e-05,0.01,5.73e-05,5e-05
2.7594,-1.6543e-08,-4.8132e-08,107.41,1,5.74e-05,0.01,5.74e-05,5e-05
2.7594,-1.6025e-08,-4.8144e-08,107.41,1,5.75e-05,0.01,5.75e-05,5e-05
2.7594,-1.5507e-08,-4.8155e-08,107.41,1,5.76e-05,0.01,5.76e-05,5e-05
2.7594,-1.4989e-08,-4.8167e-08,107.41,1,5.77e-05,0.01,5.77e-05,5e-05
2.7594,-1.447e-08,-4.8178e-08,107.41,1,5.78e-05,0.01,5.78e-05,5e-05
2.7594,-1.3952e-08,-4.819e-08,107.41,1,5.79e-05,0.01,5.79e-05,5e-05
2.7594,-1.3434e-08,-4.8201e-08,107.41,1,5.8e-05,0.01,5.8e-05,5e-05
2.7594,-1.2916e-08,-4.8212e-08,107.41,1,5.81e-05,0.01,5.81e-05,5e-05
2.7594,-1.2397e-08,-4.8224e-08,107.41,1,5.82e-05,0.01,5.82e-05,5e-05
2.7594,-1.1879e-08,-4.8235e-08,107.41,1,5.83e-05,0.01,5.83e-05,5e-05
2.7594,-1.1361e-08,-4.8247e-08,107.41,1,5.84e-05,0.01,5.84e-05,5e-05
2.7594,-1.0843e-08,-4.8258e-08,107.41,1,5.85e-05,0.01,5.85e-05,5e-05
2.7594,-1.0325e-08,-4.827e-08,107.41,1,5.86e-05,0.01,5.86e-05,5e-05
2.7594,-9.8064e-09,-4.8281e-08,107.41,1,5.87e-05,0.01,5.87e-05,5e-05
2.7594,-9.2881e-09,-4.8292e-08,107.41,1,5.88e-05,0.01,5.88e-05,5e-05
2.7594,-8.7699e-09,-4.8304e-08,107.41,1,5.89e-05,0.01,5.89e-05,5e-05
2.7594,-8.2517e-09,-4.8315e-08,107.41,1,5.9e-05,0.01,5.9e-05,5e-05
2.7594,-7.7335e-09,-4.8327e-08,107.41,1,5.91e-05,0.01,5.91e-05,5e-05
2.7594,-7.2152e-09,-4.8338e-08,107.41,1,5.92e-05,0.01,5.92e-05,5e-05
2.7594,-6.697e-09,-4.835e-08,107.41,1,5.93e-05,0.01,5.93e-05,5e-05
2.7594,-6.1788e-09,-4.8361e-08,107.41,1,5.94e-05,0.01,5.94e-05,5e-05
2.7594,-5.6606e-09,-4.8373e-08,107.41,1,5.95e-05,0.01,5.95e-05,5e-05
2.7594,-5.1424e-09,-4.8384e-08,107.41,1,5.96e-05,0.01,5.96e-05,5e-05
2.7594,-4.6241e-09,-4.8395e-08,107.41,1,5.97e-05,0.01,5.97e-05,5e-05
2.7594,-4.1059e-09,-4.8407e-08,107.41,1,5.98e-05,0.01,5.98e-05,5e-05
2.7594,-3.5877e-09,-4.8418e-08,107.41,1,5.99e-05,0.01,5.99e-05,5e-05
2.7594,-3.0695e-09,-4.843e-08,107.41,1,6e-05,0.01,6e-05,5e-05
2.7553,-2.341e-09,-4.8285e-08,107.41,1,6.01e-05,0.01,6.01e-05,5e-05
2.7511,-1.6125e-09,-4.8141e-08,107.41,1,6.02e-05,0.01,6.02e-05,5e-05
2.747,-8.84e-10,-4.7997e-08,107.41,1,6.03e-05,0.01,6.03e-05,5e-05
2.7429,-1.555e-10,-4.7853e-08,107.41,1,6.04e-05,0.01,6.04e-05,5e-05
2.7387,5.7301e-10,-4.7709e-08,107.41,1,6.05e-05,0.01,6.05e-05,5e-05
2.7346,1.3015e-09,-4.7565e-08,107.41,1,6.06e-05,0.01,6.06e-05,5e-05
2.7305,2.03e-09,-4.742e-08,107.41,1,6.07e-05,0.01,6.07e-05,5e-05
2.7263,2.7585e-09,-4.7276e-08,107.41,1,6.08e-05,0.01,6.08e-05,5e-05
2.7222,3.487e-09,-4.7132e-08,107.41,1,6.09e-05,0.01,6.09e-05,5e-05
2.718,4.2155e-09,-4.6988e-08,107.41,1,6.1e-05,0.01,6.1e-05,5e-05
2.7139,4.944e-09,-4.6844e-08,107.41,1,6.11e-05,0.01,6.11e-05,5e-05
2.7098,5.6725e-09,-4.6699e-08,107.41,1,6.12e-05,0.01,6.12e-05,5e-05
2.7056,6.401e-09,-4.6555e-08,107.41,1,6.13e-05,0.01,6.13e-05,5e-05
2.7015,7.1295e-09,-4.6411e-08,107.41,1,6.14e-05,0.01,6.14e-05,5e-05
2.6973,7.858e-09,-4.6267e-08,107.41,1,6.15e-05,0.01,6.15e-05,5e-05
2.6932,8.5865e-09,-4.6123e-08,107.41,1,6.16e-05,0.01,6.16e-05,5e-05
2.6891,9.315e-09,-4.5978e-08,107.41,1,6.17e-05,0.01,6.17e-05,5e-05
2.6849,1.0044e-08,-4.5834e-08,107.41,1,6.18e-05,0.01,6.18e-05,5e-05
2.6808,1.0772e-08,-4.569e-08,107.41,1,6.19e-05,0.01,6.19e-05,5e-05
2.6766,1.1501e-08,-4.5546e-08,107.41,1,6.2e-05,0.01,6.2e-05,5e-05
2.6725,1.2229e-08,-4.5402e-08,107.41,1,6.21e-05,0.01,6.21e-05,5e-05
2.6684,1.2958e-08,-4.5257e-08,107.41,1,6.22e-05,0.01,6.22e-05,5e-05
2.6642,1.3686e-08,-4.5113e-08,107.41,1,6.23e-05,0.01,6.23e-05,5e-05
2.6601,1.4414e-08,-4.4969e-08,107.41,1,6.24e-05,0.01,6.24e-05,5e-05
2.6559,1.5143e-08,-4.4825e-08,107.41,1,6.25e-05,0.01,6.25e-05,5e-05
2.6518,1.5871e-08,-4.4681e-08,107.41,1,6.26e-05,0.01,6.26e-05,5e-05
2.6477,1.66e-08,-4.4536e-08,107.41,1,6.27e-05,0.01,6.27e-05,5e-05
2.6435,1.7329e-08,-4.4392e-08,107.41,1,6.28e-05,0.01,6.28e-05,5e-05
2.6394,1.8057e-08,-4.4248e-08,107.41,1,6.29e-05,0.01,6.29e-05,5e-05
2.6353,1.8786e-08,-4.4104e-08,107.41,1,6.3e-05,0.01,6.3e-05,5e-05
2.6311,1.9514e-08,-4.396e-08,107.41,1,6.31e-05,0.01,6.31e-05,5e-05
2.627,2.0243e-08,-4.3815e-08,107.41,1,6.32e-05,0.01,6.32e-05,5e-05
2.6228,2.0971e-08,-4.3671e-08,107.41,1,6.33e-05,0.01,6.33e-05,5e-05
2.6187,2.1699e-08,-4.3527e-08,107.41,1,6.34e-05,0.01,6.34e-05,5e-05
2.6146,2.2428e-08,-4.3383e-08,107.41,1,6.35e-05,0.01,6.35e-05,5e-05
2.6104,2.3157e-08,-4.3239e-08,107.41,1,6.36e-05,0.01,6.36e-05,5e-05
2.6063,2.3885e-08,-4.3095e-08,107.41,1,6.37e-05,0.01,6.37e-05,5e-05
2.6021,2.4614e-08,-4.295e-08,107.41,1,6.38e-05,0.01,6.38e-05,5e-05
2.598,2.5342e-08,-4.2806e-08,107.41,1,6.39e-05,0.01,6.39e-05,5e-05
2.5939,2.6071e-08,-4.2662e-08,107.41,1,6.4e-05,0.01,6.4e-05,5e-05
2.5897,2.6799e-08,-4.2518e-08,107.41,1,6.41e-05,0.01,6.41e-05,5e-05
2.5856,2.7528e-08,-4.2374e-08,107.41,1,6.42e-05,0.01,6.42e-05,5e-05
2.5814,2.8256e-08,-4.2229e-08,107.41,1,6.43e-05,0.01,6.43e-05,5e-05
2.5773,2.8984e-08,-4.2085e-08,107.41,1,6.44e-05,0.01,6.44e-05,5e-05
2.5732,2.9713e-08,-4.1941e-08,107.41,1,6.45e-05,0.01,6.45e-05,5e-05
2.569,3.0442e-08,-4.1797e-08,107.41,1,6.46e-05,0.01,6.46e-05,5e-05
2.5649,3.117e-08,-4.1653e-08,107.41,1,6.47e-05,0.01,6.47e-05,5e-05
2.5607,3.1899e-08,-4.1508e-08,107.41,1,6.48e-05,0.01,6.48e-05,5e-05
2.5566,3.2627e-08,-4.1364e-08,107.41,1,6.49e-05,0.01,6.49e-05,5e-05
2.5525,3.3356e-08,-4.122e-08,107.41,1,6.5e-05,0.01,6.5e-05,5e-05
2.5483,3.4084e-08,-4.1076e-08,107.41,1,6.51e-05,0.01,6.51e-05,5e-05
2.5442,3.4813e-08,-4.0932e-08,107.41,1,6.52e-05,0.01,6.52e-05,5e-05
2.5401,3.5541e-08,-4.0787e-08,107.41,1,6.53e-05,0.01,6.53e-05,5e-05
2.5359,3.627e-08,-4.0643e-08,107.41,1,6.54e-05,0.01,6.54e-05,5e-05
2.5318,3.6998e-08,-4.0499e-08,107.41,1,6.55e-05,0.01,6.55e-05,5e-05
2.5276,3.7727e-08,-4.0355e-08,107.41,1,6.56e-05,0.01,6.56e-05,5e-05
2.5235,3.8455e-08,-4.0211e-08,107.41,1,6.57e-05,0.01,6.57e-05,5e-05
2.5194,3.9184e-08,-4.0066e-08,107.41,1,6.58e-05,0.01,6.58e-05,5e-05
2.5152,3.9912e-08,-3.9922e-08,107.41,1,6.59e-05,0.01,6.59e-05,5e-05
2.5111,4.0641e-08,-3.9778e-08,107.41,1,6.6e-05,0.01,6.6e-05,5e-05
2.5069,4.1369e-08,-3.9634e-08,107.41,1,6.61e-05,0.01,6.61e-05,5e-05
2.5028,4.2097e-08,-3.949e-08,107.41,1,6.62e-05,0.01,6.62e-05,5e-05
2.4987,4.2826e-08,-3.9345e-08,107.41,1,6.63e-05,0.01,6.63e-05,5e-05
2.4945,4.3555e-08,-3.9201e-08,107.41,1,6.64e-05,0.01,6.64e-05,5e-05
2.4904,4.4283e-08,-3.9057e-08,107.41,1,6.65e-05,0.01,6.65e-05,5e-05
2.4862,4.5012e-08,-3.8913e-08,107.41,1,6.66e-05,0.01,6.66e-05,5e-05
2.4821,4.574e-08,-3.8769e-08,107.41,1,6.67e-05,0.01,6.67e-05,5e-05
2.478,4.6469e-08,-3.8624e-08,107.41,1,6.68e-05,0.01,6.68e-05,5e-05
2.4738,4.7197e-08,-3.848e-08,107.41,1,6.69e-05,0.01,6.69e-05,5e-05
2.4697,4.7926e-08,-3.8336e-08,107.41,1,6.7e-05,0.01,6.7e-05,5e-05
2.4655,4.8654e-08,-3.8192e-08,107.41,1,6.71e-05,0.01,6.71e-05,5e-05
2.4614,4.9383e-08,-3.8048e-08,107.41,1,6.72e-05,0.01,6.72e-05,5e-05
2.4573,5.0111e-08,-3.7904e-08,107.41,1,6.73e-05,0.01,6.73e-05,5e-05
2.4531,5.084e-08,-3.7759e-08,107.41,1,6.74e-05,0.01,6.74e-05,5e-05
2.449,5.1568e-08,-3.7615e-08,107.41,1,6.75e-05,0.01,6.75e-05,5e-05
2.4448,5.2297e-08,-3.7471e-08,107.41,1,6.76e-05,0.01,6.76e-05,5e-05
2.4407,5.3025e-08,-3.7327e-08,107.41,1,6.77e-05,0.01,6.77e-05,5e-05
2.4366,5.3754e-08,-3.7183e-08,107.41,1,6.78e-05,0.01,6.78e-05,5e-05
2.4324,5.4482e-08,-3.7038e-08,107.41,1,6.79e-05,0.01,6.79e-05,5e-05
2.4283,5.5211e-08,-3.6894e-08,107.41,1,6.8e-05,0.01,6.8e-05,5e-05
2.4242,5.5939e-08,-3.675e-08,107.41,1,6.81e-05,0.01,6.81e-05,5e-05
2.42,5.6668e-08,-3.6606e-08,107.41,1,6.82e-05,0.01,6.82e-05,5e-05
2.4159,5.7396e-08,-3.6462e-08,107.41,1,6.83e-05,0.01,6.83e-05,5e-05
2.4117,5.8125e-08,-3.6317e-08,107.41,1,6.84e-05,0.01,6.84e-05,5e-05
2.4076,5.8853e-08,-3.6173e-08,107.41,1,6.85e-05,0.01,6.85e-05,5e-05
2.4035,5.9582e-08,-3.6029e-08,107.41,1,6.86e-05,0.01,6.86e-05,5e-05
2.3993,6.031e-08,-3.5885e-08,107.41,1,6.87e-05,0.01,6.87e-05,5e-05
2.3952,6.1039e-08,-3.5741e-08,107.41,1,6.88e-05,0.01,6.88e-05,5e-05
2.391,6.1767e-08,-3.5596e-08,107.41,1,6.89e-05,0.01,6.89e-05,5e-05
2.3869,6.2496e-08,-3.5452e-08,107.41,1,6.9e-05,0.01,6.9e-05,5e-05
2.3828,6.3224e-08,-3.5308e-08,107.41,1,6.91e-05,0.01,6.91e-05,5e-05
2.3786,6.3953e-08,-3.5164e-08,107.41,1,6.92e-05,0.01,6.92e-05,5e-05
2.3745,6.4681e-08,-3.502e-08,107.41,1,6.93e-05,0.01,6.93e-05,5e-05
2.3703,6.541e-08,-3.4875e-08,107.41,1,6.94e-05,0.01,6.94e-05,5e-05
2.3662,6.6138e-08,-3.4731e-08,107.41,1,6.95e-05,0.01,6.95e-05,5e-05
2.3621,6.6867e-08,-3.4587e-08,107.41,1,6.96e-05,0.01,6.96e-05,5e-05
2.3579,6.7595e-08,-3.4443e-08,107.41,1,6.97e-05,0.01,6.97e-05,5e-05
2.3538,6.8324e-08,-3.4299e-08,107.41,1,6.98e-05,0.01,6.98e-05,5e-05
2.3496,6.9052e-08,-3.4154e-08,107.41,1,6.99e-05,0.01,6.99e-05,5e-05
2.3455,6.9781e-08,-3.401e-08,107.41,1,7e-05,0.01,7e-05,5e-05
2.3414,7.0509e-08,-3.3866e-08,107.41,1,7.01e-05,0.01,7.01e-05,5e-05
2.3372,7.1238e-08,-3.3722e-08,107.41,1,7.02e-05,0.01,7.02e-05,5e-05
2.3331,7.1966e-08,-3.3578e-08,107.41,1,7.03e-05,0.01,7.03e-05,5e-05
2.329,7.2695e-08,-3.3434e-08,107.41,1,7.04e-05,0.01,7.04e-05,5e-05
2.3248,7.3423e-08,-3.3289e-08,107.41,1,7.05e-05,0.01,7.05e-05,5e-05
2.3207,7.4152e-08,-3.3145e-08,107.41,1,7.06e-05,0.01,7.06e-05,5e-05
2.3165,7.488e-08,-3.3001e-08,107.41,1,7.07e-05,0.01,7.07e-05,5e-05
2.3124,7.5609e-08,-3.2857e-08,107.41,1,7.08e-05,0.01,7.08e-05,5e-05
2.3083,7.6337e-08,-3.2713e-08,107.41,1,7.09e-05,0.01,7.09e-05,5e-05
2.3041,7.7066e-08,-3.2568e-08,107.41,1,7.1e-05,0.01,7.1e-05,5e-05
2.3,7.7794e-08,-3.2424e-08,107.41,1,7.11e-05,0.01,7.11e-05,5e-05
2.2958,7.8523e-08,-3.228e-08,107.41,1,7.12e-05,0.01,7.12e-05,5e-05
2.2917,7.9251e-08,-3.2136e-08,107.41,1,7.13e-05,0.01,7.13e-05,5e-05
2.2876,7.998e-08,-3.1992e-08,107.41,1,7.14e-05,0.01,7.14e-05,5e-05
2.2834,8.0708e-08,-3.1847e-08,107.41,1,7.15e-05,0.01,7.15e-05,5e-05
2.2793,8.1437e-08,-3.1703e-08,107.41,1,7.16e-05,0.01,7.16e-05,5e-05
2.2751,8.2165e-08,-3.1559e-08,107.41,1,7.17e-05,0.01,7.17e-05,5e-05
2.271,8.2894e-08,-3.1415e-08,107.41,1,7.18e-05,0.01,7.18e-05,5e-05
2.2669,8.3622e-08,-3.1271e-08,107.41,1,7.19e-05,0.01,7.19e-05,5e-05
2.2627,8.4351e-08,-3.1126e-08,107.41,1,7.2e-05,0.01,7.2e-05,5e-05
2.2586,8.5079e-08,-3.0982e-08,107.41,1,7.21e-05,0.01,7.21e-05,5e-05
2.2544,8.5808e-08,-3.0838e-08,107.41,1,7.22e-05,0.01,7.22e-05,5e-05
2.2503,8.6536e-08,-3.0694e-08,107.41,1,7.23e-05,0.01,7.23e-05,5e-05
2.2462,8.7265e-08,-3.055e-08,107.41,1,7.24e-05,0.01,7.24e-05,5e-05
2.242,8.7993e-08,-3.0405e-08,107.41,1,7.25e-05,0.01,7.25e-05,5e-05
2.2379,8.8722e-08,-3.0261e-08,107.41,1,7.26e-05,0.01,7.26e-05,5e-05
2.2338,8.945e-08,-3.0117e-08,107.41,1,7.27e-05,0.01,7.27e-05,5e-05
2.2296,9.0179e-08,-2.9973e-08,107.41,1,7.28e-05,0.01,7.28e-05,5e-05
2.2255,9.0907e-08,-2.9829e-08,107.41,1,7.29e-05,0.01,7.29e-05,5e-05
2.2213,9.1636e-08,-2.9684e-08,107.41,1,7.3e-05,0.01,7.3e-05,5e-05
2.2172,9.2364e-08,-2.954e-08,107.41,1,7.31e-05,0.01,7.31e-05,5e-05
2.2131,9.3093e-08,-2.9396e-08,107.41,1,7.32e-05,0.01,7.32e-05,5e-05
2.2089,9.3821e-08,-2.9252e-08,107.41,1,7.33e-05,0.01,7.33e-05,5e-05
2.2048,9.455e-08,-2.9108e-08,107.41,1,7.34e-05,0.01,7.34e-05,5e-05
2.2006,9.5278e-08,-2.8963e-08,107.41,1,7.35e-05,0.01,7.35e-05,5e-05
2.1965,9.6007e-08,-2.8819e-08,107.41,1,7.36e-05,0.01,7.36e-05,5e-05
2.1924,9.6735e-08,-2.8675e-08,107.41,1,7.37e-05,0.01,7.37e-05,5e-05
2.1882,9.7464e-08,-2.8531e-08,107.41,1,7.38e-05,0.01,7.38e-05,5e-05
2.1841,9.8192e-08,-2.8387e-08,107.41,1,7.39e-05,0.01,7.39e-05,5e-05
2.1799,9.8921e-08,-2.8243e-08,107.41,1,7.4e-05,0.01,7.4e-05,5e-05
2.1758,9.9649e-08,-2.8098e-08,107.41,1,7.41e-05,0.01,7.41e-05,5e-05
2.1717,1.0038e-07,-2.7954e-08,107.41,1,7.42e-05,0.01,7.42e-05,5e-05
2.1675,1.0111e-07,-2.781e-08,107.41,1,7.43e-05,0.01,7.43e-05,5e-05
2.1634,1.0183e-07,-2.7666e-08,107.41,1,7.44e-05,0.01,7.44e-05,5e-05
2.1592,1.0256e-07,-2.7522e-08,107.41,1,7.45e-05,0.01,7.45e-05,5e-05
2.1551,1.0329e-07,-2.7377e-08,107.41,1,7.46e-05,0.01,7.46e-05,5e-05
2.151,1.0402e-07,-2.7233e-08,107.41,1,7.47e-05,0.01,7.47e-05,5e-05
2.1468,1.0475e-07,-2.7089e-08,107.41,1,7.48e-05,0.01,7.48e-05,5e-05
2.1427,1.0548e-07,-2.6945e-08,107.41,1,7.49e-05,0.01,7.49e-05,5e-05
2.1386,1.0621e-07,-2.6801e-08,107.41,1,7.5e-05,0.01,7.5e-05,5e-05
2.1344,1.0693e-07,-2.6656e-08,107.41,1,7.51e-05,0.01,7.51e-05,5e-05
2.1303,1.0766e-07,-2.6512e-08,107.41,1,7.52e-05,0.01,7.52e-05,5e-05
2.1261,1.0839e-07,-2.6368e-08,107.41,1,7.53e-05,0.01,7.53e-05,5e-05
2.122,1.0912e-07,-2.6224e-08,107.41,1,7.54e-05,0.01,7.54e-05,5e-05
2.1179,1.0985e-07,-2.608e-08,107.41,1,7.55e-05,0.01,7.55e-05,5e-05
2.1137,1.1058e-07,-2.5935e-08,107.41,1,7.56e-05,0.01,7.56e-05,5e-05
2.1096,1.1131e-07,-2.5791e-08,107.41,1,7.57e-05,0.01,7.57e-05,5e-05
2.1054,1.1203e-07,-2.5647e-08,107.41,1,7.58e-05,0.01,7.58e-05,5e-05
2.1013,1.1276e-07,-2.5503e-08,107.41,1,7.59e-05,0.01,7.59e-05,5e-05
2.0972,1.1349e-07,-2.5359e-08,107.41,1,7.6e-05,0.01,7.6e-05,5e-05
2.093,1.1422e-07,-2.5214e-08,107.41,1,7.61e-05,0.01,7.61e-05,5e-05
2.0889,1.1495e-07,-2.507e-08,107.41,1,7.62e-05,0.01,7.62e-05,5e-05
2.0847,1.1568e-07,-2.4926e-08,107.41,1,7.63e-05,0.01,7.63e-05,5e-05
2.0806,1.164e-07,-2.4782e-08,107.41,1,7.64e-05,0.01,7.64e-05,5e-05
2.0765,1.1713e-07,-2.4638e-08,107.41,1,7.65e-05,0.01,7.65e-05,5e-05
2.0723,1.1786e-07,-2.4493e-08,107.41,1,7.66e-05,0.01,7.66e-05,5e-05
2.0682,1.1859e-07,-2.4349e-08,107.41,1,7.67e-05,0.01,7.67e-05,5e-05
2.064,1.1932e-07,-2.4205e-08,107.41,1,7.68e-05,0.01,7.68e-05,5e-05
2.0599,1.2005e-07,-2.4061e-08,107.41,1,7.69e-05,0.01,7.69e-05,5e-05
2.0558,1.2078e-07,-2.3917e-08,107.41,1,7.7e-05,0.01,7.7e-05,5e-05
2.0516,1.215e-07,-2.3773e-08,107.41,1,7.71e-05,0.01,7.71e-05,5e-05
2.0475,1.2223e-07,-2.3628e-08,107.41,1,7.72e-05,0.01,7.72e-05,5e-05
2.0434,1.2296e-07,-2.3484e-08,107.41,1,7.73e-05,0.01,7.73e-05,5e-05
2.0392,1.2369e-07,-2.334e-08,107.41,1,7.74e-05,0.01,7.74e-05,5e-05
2.0351,1.2442e-07,-2.3196e-08,107.41,1,7.75e-05,0.01,7.75e-05,5e-05
2.0309,1.2515e-07,-2.3052e-08,107.41,1,7.76e-05,0.01,7.76e-05,5e-05
2.0268,1.2588e-07,-2.2907e-08,107.41,1,7.77e-05,0.01,7.77e-05,5e-05
2.0227,1.266e-07,-2.2763e-08,107.41,1,7.78e-05,0.01,7.78e-05,5e-05
2.0185,1.2733e-07,-2.2619e-08,107.41,1,7.79e-05,0.01,7.79e-05,5e-05
2.0144,1.2806e-07,-2.2475e-08,107.41,1,7.8e-05,0.01,7.8e-05,5e-05
2.0102,1.2879e-07,-2.2331e-08,107.41,1,7.81e-05,0.01,7.81e-05,5e-05
2.0061,1.2952e-07,-2.2186e-08,107.41,1,7.82e-05,0.01,7.82e-05,5e-05
2.002,1.3025e-07,-2.2042e-08,107.41,1,7.83e-05,0.01,7.83e-05,5e-05
1.9978,1.3097e-07,-2.1898e-08,107.41,1,7.84e-05,0.01,7.84e-05,5e-05
1.9937,1.317e-07,-2.1754e-08,107.41,1,7.85e-05,0.01,7.85e-05,5e-05
1.9895,1.3243e-07,-2.161e-08,107.41,1,7.86e-05,0.01,7.86e-05,5e-05
1.9854,1.3316e-07,-2.1465e-08,107.41,1,7.87e-05,0.01,7.87e-05,5e-05
1.9813,1.3389e-07,-2.1321e-08,107.41,1,7.88e-05,0.01,7.88e-05,5e-05
1.9771,1.3462e-07,-2.1177e-08,107.41,1,7.89e-05,0.01,7.89e-05,5e-05
1.973,1.3535e-07,-2.1033e-08,107.41,1,7.9e-05,0.01,7.9e-05,5e-05
1.9688,1.3607e-07,-2.0889e-08,107.41,1,7.91e-05,0.01,7.91e-05,5e-05
1.9647,1.368e-07,-2.0744e-08,107.41,1,7.92e-05,0.01,7.92e-05,5e-05
1.9606,1.3753e-07,-2.06e-08,107.41,1,7.93e-05,0.01,7.93e-05,5e-05
1.9564,1.3826e-07,-2.0456e-08,107.41,1,7.94e-05,0.01,7.94e-05,5e-05
1.9523,1.3899e-07,-2.0312e-08,107.41,1,7.95e-05,0.01,7.95e-05,5e-05
1.9482,1.3972e-07,-2.0168e-08,107.41,1,7.96e-05,0.01,7.96e-05,5e-05
1.944,1.4045e-07,-2.0023e-08,107.41,1,7.97e-05,0.01,7.97e-05,5e-05
1.9399,1.4117e-07,-1.9879e-08,107.41,1,7.98e-05,0.01,7.98e-05,5e-05
1.9357,1.419e-07,-1.9735e-08,107.41,1,7.99e-05,0.01,7.99e-05,5e-05
1.9316,1.4263e-07,-1.9591e-08,107.41,1,8e-05,0.01,8e-05,5e-05
1.9219,1.4192e-07,-1.9493e-08,107.41,1,8.01e-05,0.01,8.01e-05,5e-05
1.9123,1.412e-07,-1.9395e-08,107.41,1,8.02e-05,0.01,8.02e-05,5e-05
1.9026,1.4049e-07,-1.9297e-08,107.41,1,8.03e-05,0.01,8.03e-05,5e-05
1.893,1.3978e-07,-1.9199e-08,107.41,1,8.04e-05,0.01,8.04e-05,5e-05
1.8833,1.3906e-07,-1.9101e-08,107.41,1,8.05e-05,0.01,8.05e-05,5e-05
1.8736,1.3835e-07,-1.9003e-08,107.41,1,8.06e-05,0.01,8.06e-05,5e-05
1.864,1.3764e-07,-1.8905e-08,107.41,1,8.07e-05,0.01,8.07e-05,5e-05
1.8543,1.3693e-07,-1.8807e-08,107.41,1,8.08e-05,0.01,8.08e-05,5e-05
1.8447,1.3621e-07,-1.8709e-08,107.41,1,8.09e-05,0.01,8.09e-05,5e-05
1.835,1.355e-07,-1.8611e-08,107.41,1,8.1e-05,0.01,8.1e-05,5e-05
1.8254,1.3479e-07,-1.8513e-08,107.41,1,8.11e-05,0.01,8.11e-05,5e-05
1.8157,1.3407e-07,-1.8415e-08,107.41,1,8.12e-05,0.01,8.12e-05,5e-05
1.806,1.3336e-07,-1.8317e-08,107.41,1,8.13e-05,0.01,8.13e-05,5e-05
1.7964,1.3265e-07,-1.822e-08,107.41,1,8.14e-05,0.01,8.14e-05,5e-05
1.7867,1.3193e-07,-1.8122e-08,107.41,1,8.15e-05,0.01,8.15e-05,5e-05
1.7771,1.3122e-07,-1.8024e-08,107.41,1,8.16e-05,0.01,8.16e-05,5e-05
1.7674,1.3051e-07,-1.7926e-08,107.41,1,8.17e-05,0.01,8.17e-05,5e-05
1.7578,1.2979e-07,-1.7828e-08,107.41,1,8.18e-05,0.01,8.18e-05,5e-05
1.7481,1.2908e-07,-1.773e-08,107.41,1,8.19e-05,0.01,8.19e-05,5e-05
1.7384,1.2837e-07,-1.7632e-08,107.41,1,8.2e-05,0.01,8.2e-05,5e-05
1.7288,1.2765e-07,-1.7534e-08,107.41,1,8.21e-05,0.01,8.21e-05,5e-05
1.7191,1.2694e-07,-1.7436e-08,107.41,1,8.22e-05,0.01,8.22e-05,5e-05
1.7095,1.2623e-07,-1.7338e-08,107.41,1,8.23e-05,0.01,8.23e-05,5e-05
1.6998,1.2551e-07,-1.724e-08,107.41,1,8.24e-05,0.01,8.24e-05,5e-05
1.6901,1.248e-07,-1.7142e-08,107.41,1,8.25e-05,0.01,8.25e-05,5e-05
1.6805,1.2409e-07,-1.7044e-08,107.41,1,8.26e-05,0.01,8.26e-05,5e-05
1.6708,1.2338e-07,-1.6946e-08,107.41,1,8.27e-05,0.01,8.27e-05,5e-05
1.6612,1.2266e-07,-1.6848e-08,107.41,1,8.28e-05,0.01,8.28e-05,5e-05
1.6515,1.2195e-07,-1.675e-08,107.41,1,8.29e-05,0.01,8.29e-05,5e-05
1.6419,1.2124e-07,-1.6652e-08,107.41,1,8.3e-05,0.01,8.3e-05,5e-05
1.6322,1.2052e-07,-1.6554e-08,107.41,1,8.31e-05,0.01,8.31e-05,5e-05
1.6225,1.1981e-07,-1.6456e-08,107.41,1,8.32e-05,0.01,8.32e-05,5e-05
1.6129,1.191e-07,-1.6358e-08,107.41,1,8.33e-05,0.01,8.33e-05,5e-05
1.6032,1.1838e-07,-1.626e-08,107.41,1,8.34e-05,0.01,8.34e-05,5e-05
1.5936,1.1767e-07,-1.6162e-08,107.41,1,8.35e-05,0.01,8.35e-05,5e-05
1.5839,1.1696e-07,-1.6065e-08,107.41,1,8.36e-05,0.01,8.36e-05,5e-05
1.5742,1.1624e-07,-1.5967e-08,107.41,1,8.37e-05,0.01,8.37e-05,5e-05
1.5646,1.1553e-07,-1.5869e-08,107.41,1,8.38e-05,0.01,8.38e-05,5e-05
1.5549,1.1482e-07,-1.5771e-08,107.41,1,8.39e-05,0.01,8.39e-05,5e-05
1.5453,1.141e-07,-1.5673e-08,107.41,1,8.4e-05,0.01,8.4e-05,5e-05
1.5356,1.1339e-07,-1.5575e-08,107.41,1,8.41e-05,0.01,8.41e-05,5e-05
1.526,1.1268e-07,-1.5477e-08,107.41,1,8.42e-05,0.01,8.42e-05,5e-05
1.5163,1.1197e-07,-1.5379e-08,107.41,1,8.43e-05,0.01,8.43e-05,5e-05
1.5066,1.1125e-07,-1.5281e-08,107.41,1,8.44e-05,0.01,8.44e-05,5e-05
1.497,1.1054e-07,-1.5183e-08,107.41,1,8.45e-05,0.01,8.45e-05,5e-05
1.4873,1.0983e-07,-1.5085e-08,107.41,1,8.46e-05,0.01,8.46e-05,5e-05
1.4777,1.0911e-07,-1.4987e-08,107.41,1,8.47e-05,0.01,8.47e-05,5e-05
1.468,1.084e-07,-1.4889e-08,107.41,1,8.48e-05,0.01,8.48e-05,5e-05
1.4584,1.0769e-07,-1.4791e-08,107.41,1,8.49e-05,0.01,8.49e-05,5e-05
1.4487,1.0697e-07,-1.4693e-08,107.41,1,8.5e-05,0.01,8.5e-05,5e-05
1.439,1.0626e-07,-1.4595e-08,107.41,1,8.51e-05,0.01,8.51e-05,5e-05
1.4294,1.0555e-07,-1.4497e-08,107.41,1,8.52e-05,0.01,8.52e-05,5e-05
1.4197,1.0483e-07,-1.4399e-08,107.41,1,8.53e-05,0.01,8.53e-05,5e-05
1.4101,1.0412e-07,-1.4301e-08,107.41,1,8.54e-05,0.01,8.54e-05,5e-05
1.4004,1.0341e-07,-1.4203e-08,107.41,1,8.55e-05,0.01,8.55e-05,5e-05
1.3907,1.0269e-07,-1.4105e-08,107.41,1,8.56e-05,0.01,8.56e-05,5e-05
1.3811,1.0198e-07,-1.4007e-08,107.41,1,8.57e-05,0.01,8.57e-05,5e-05
1.3714,1.0127e-07,-1.391e-08,107.41,1,8.58e-05,0.01,8.58e-05,5e-05
1.3618,1.0055e-07,-1.3812e-08,107.41,1,8.59e-05,0.01,8.59e-05,5e-05
1.3521,9.9841e-08,-1.3714e-08,107.41,1,8.6e-05,0.01,8.6e-05,5e-05
1.3425,9.9128e-08,-1.3616e-08,107.41,1,8.61e-05,0.01,8.61e-05,5e-05
1.3328,9.8415e-08,-1.3518e-08,107.41,1,8.62e-05,0.01,8.62e-05,5e-05
1.3231,9.7702e-08,-1.342e-08,107.41,1,8.63e-05,0.01,8.63e-05,5e-05
1.3135,9.6989e-08,-1.3322e-08,107.41,1,8.64e-05,0.01,8.64e-05,5e-05
1.3038,9.6276e-08,-1.3224e-08,107.41,1,8.65e-05,0.01,8.65e-05,5e-05
1.2942,9.5562e-08,-1.3126e-08,107.41,1,8.66e-05,0.01,8.66e-05,5e-05
1.2845,9.4849e-08,-1.3028e-08,107.41,1,8.67e-05,0.01,8.67e-05,5e-05
1.2749,9.4136e-08,-1.293e-08,107.41,1,8.68e-05,0.01,8.68e-05,5e-05
1.2652,9.3423e-08,-1.2832e-08,107.41,1,8.69e-05,0.01,8.69e-05,5e-05
1.2555,9.271e-08,-1.2734e-08,107.41,1,8.7e-05,0.01,8.7e-05,5e-05
1.2459,9.1997e-08,-1.2636e-08,107.41,1,8.71e-05,0.01,8.71e-05,5e-05
1.2362,9.1284e-08,-1.2538e-08,107.41,1,8.72e-05,0.01,8.72e-05,5e-05
1.2266,9.057e-08,-1.244e-08,107.41,1,8.73e-05,0.01,8.73e-05,5e-05
1.2169,8.9857e-08,-1.2342e-08,107.41,1,8.74e-05,0.01,8.74e-05,5e-05
1.2072,8.9144e-08,-1.2244e-08,107.41,1,8.75e-05,0.01,8.75e-05,5e-05
1.1976,8.8431e-08,-1.2146e-08,107.41,1,8.76e-05,0.01,8.76e-05,5e-05
1.1879,8.7718e-08,-1.2048e-08,107.41,1,8.77e-05,0.01,8.77e-05,5e-05
1.1783,8.7005e-08,-1.195e-08,107.41,1,8.78e-05,0.01,8.78e-05,5e-05
1.1686,8.6291e-08,-1.1852e-08,107.41,1,8.79e-05,0.01,8.79e-05,5e-05
1.159,8.5578e-08,-1.1755e-08,107.41,1,8.8e-05,0.01,8.8e-05,5e-05
1.1493,8.4865e-08,-1.1657e-08,107.41,1,8.81e-05,0.01,8.81e-05,5e-05
1.1396,8.4152e-08,-1.1559e-08,107.41,1,8.82e-05,0.01,8.82e-05,5e-05
1.13,8.3439e-08,-1.1461e-08,107.41,1,8.83e-05,0.01,8.83e-05,5e-05
1.1203,8.2726e-08,-1.1363e-08,107.41,1,8.84e-05,0.01,8.84e-05,5e-05
1.1107,8.2013e-08,-1.1265e-08,107.41,1,8.85e-05,0.01,8.85e-05,5e-05
1.101,8.1299e-08,-1.1167e-08,107.41,1,8.86e-05,0.01,8.86e-05,5e-05
1.0914,8.0586e-08,-1.1069e-08,107.41,1,8.87e-05,0.01,8.87e-05,5e-05
1.0817,7.9873e-08,-1.0971e-08,107.41,1,8.88e-05,0.01,8.88e-05,5e-05
1.072,7.916e-08,-1.0873e-08,107.41,1,8.89e-05,0.01,8.89e-05,5e-05
1.0624,7.8447e-08,-1.0775e-08,107.41,1,8.9e-05,0.01,8.9e-05,5e-05
1.0527,7.7734e-08,-1.0677e-08,107.41,1,8.91e-05,0.01,8.91e-05,5e-05
1.0431,7.7021e-08,-1.0579e-08,107.41,1,8.92e-05,0.01,8.92e-05,5e-05
1.0334,7.6307e-08,-1.0481e-08,107.41,1,8.93e-05,0.01,8.93e-05,5e-05
1.0237,7.5594e-08,-1.0383e-08,107.41,1,8.94e-05,0.01,8.94e-05,5e-05
1.0141,7.4881e-08,-1.0285e-08,107.41,1,8.95e-05,0.01,8.95e-05,5e-05
1.0044,7.4168e-08,-1.0187e-08,107.41,1,8.96e-05,0.01,8.96e-05,5e-05
0.99477,7.3455e-08,-1.0089e-08,107.41,1,8.97e-05,0.01,8.97e-05,5e-05
0.98511,7.2742e-08,-9.9913e-09,107.41,1,8.98e-05,0.01,8.98e-05,5e-05
0.97545,7.2028e-08,-9.8934e-09,107.41,1,8.99e-05,0.01,8.99e-05,5e-05
0.9658,7.1315e-08,-9.7954e-09,107.41,1,9e-05,0.01,9e-05,5e-05
0.95614,7.0602e-08,-9.6975e-09,107.41,1,9.01e-05,0.01,9.01e-05,5e-05
0.94648,6.9889e-08,-9.5995e-09,107.41,1,9.02e-05,0.01,9.02e-05,5e-05
0.93682,6.9176e-08,-9.5016e-09,107.41,1,9.03e-05,0.01,9.03e-05,5e-05
0.92717,6.8463e-08,-9.4036e-09,107.41,1,9.04e-05,0.01,9.04e-05,5e-05
0.91751,6.775e-08,-9.3057e-09,107.41,1,9.05e-05,0.01,9.05e-05,5e-05
0.90785,6.7036e-08,-9.2077e-09,107.41,1,9.06e-05,0.01,9.06e-05,5e-05
0.89819,6.6323e-08,-9.1098e-09,107.41,1,9.07e-05,0.01,9.07e-05,5e-05
0.88853,6.561e-08,-9.0118e-09,107.41,1,9.08e-05,0.01,9.08e-05,5e-05
0.87887,6.4897e-08,-8.9138e-09,107.41,1,9.09e-05,0.01,9.09e-05,5e-05
0.86922,6.4184e-08,-8.8159e-09,107.41,1,9.1e-05,0.01,9.1e-05,5e-05
0.85956,6.3471e-08,-8.7179e-09,107.41,1,9.11e-05,0.01,9.11e-05,5e-05
0.8499,6.2757e-08,-8.62e-09,107.41,1,9.12e-05,0.01,9.12e-05,5e-05
0.84024,6.2044e-08,-8.522e-09,107.41,1,9.13e-05,0.01,9.13e-05,5e-05
0.83059,6.1331e-08,-8.4241e-09,107.41,1,9.14e-05,0.01,9.14e-05,5e-05
0.82093,6.0618e-08,-8.3261e-09,107.41,1,9.15e-05,0.01,9.15e-05,5e-05
0.81127,5.9905e-08,-8.2282e-09,107.41,1,9.16e-05,0.01,9.16e-05,5e-05
0.80161,5.9192e-08,-8.1302e-09,107.41,1,9.17e-05,0.01,9.17e-05,5e-05
0.79195,5.8479e-08,-8.0323e-09,107.41,1,9.18e-05,0.01,9.18e-05,5e-05
0.7823,5.7765e-08,-7.9343e-09,107.41,1,9.19e-05,0.01,9.19e-05,5e-05
0.77264,5.7052e-08,-7.8364e-09,107.41,1,9.2e-05,0.01,9.2e-05,5e-05
0.76298,5.6339e-08,-7.7384e-09,107.41,1,9.21e-05,0.01,9.21e-05,5e-05
0.75332,5.5626e-08,-7.6404e-09,107.41,1,9.22e-05,0.01,9.22e-05,5e-05
0.74366,5.4913e-08,-7.5425e-09,107.41,1,9.23e-05,0.01,9.23e-05,5e-05
0.73401,5.42e-08,-7.4445e-09,107.41,1,9.24e-05,0.01,9.24e-05,5e-05
0.72435,5.3486e-08,-7.3466e-09,107.41,1,9.25e-05,0.01,9.25e-05,5e-05
0.71469,5.2773e-08,-7.2486e-09,107.41,1,9.26e-05,0.01,9.26e-05,5e-05
0.70503,5.206e-08,-7.1507e-09,107.41,1,9.27e-05,0.01,9.27e-05,5e-05
0.69537,5.1347e-08,-7.0527e-09,107.41,1,9.28e-05,0.01,9.28e-05,5e-05
0.68572,5.0634e-08,-6.9548e-09,107.41,1,9.29e-05,0.01,9.29e-05,5e-05
0.67606,4.9921e-08,-6.8568e-09,107.41,1,9.3e-05,0.01,9.3e-05,5e-05
0.6664,4.9208e-08,-6.7589e-09,107.41,1,9.31e-05,0.01,9.31e-05,5e-05
0.65674,4.8494e-08,-6.6609e-09,107.41,1,9.32e-05,0.01,9.32e-05,5e-05
0.64708,4.7781e-08,-6.5629e-09,107.41,1,9.33e-05,0.01,9.33e-05,5e-05
0.63743,4.7068e-08,-6.465e-09,107.41,1,9.34e-05,0.01,9.34e-05,5e-05
0.62777,4.6355e-08,-6.367e-09,107.41,1,9.35e-05,0.01,9.35e-05,5e-05
0.61811,4.5642e-08,-6.2691e-09,107.41,1,9.36e-05,0.01,9.36e-05,5e-05
0.60845,4.4929e-08,-6.1711e-09,107.41,1,9.37e-05,0.01,9.37e-05,5e-05
0.59879,4.4215e-08,-6.0732e-09,107.41,1,9.38e-05,0.01,9.38e-05,5e-05
0.58914,4.3502e-08,-5.9752e-09,107.41,1,9.39e-05,0.01,9.39e-05,5e-05
0.57948,4.2789e-08,-5.8773e-09,107.41,1,9.4e-05,0.01,9.4e-05,5e-05
0.56982,4.2076e-08,-5.7793e-09,107.41,1,9.41e-05,0.01,9.41e-05,5e-05
0.56016,4.1363e-08,-5.6814e-09,107.41,1,9.42e-05,0.01,9.42e-05,5e-05
0.5505,4.065e-08,-5.5834e-09,107.41,1,9.43e-05,0.01,9.43e-05,5e-05
0.54085,3.9937e-08,-5.4854e-09,107.41,1,9.44e-05,0.01,9.44e-05,5e-05
0.53119,3.9223e-08,-5.3875e-09,107.41,1,9.45e-05,0.01,9.45e-05,5e-05
0.52153,3.851e-08,-5.2895e-09,107.41,1,9.46e-05,0.01,9.46e-05,5e-05
0.51187,3.7797e-08,-5.1916e-09,107.41,1,9.47e-05,0.01,9.47e-05,5e-05
0.50221,3.7084e-08,-5.0936e-09,107.41,1,9.48e-05,0.01,9.48e-05,5e-05
0.49256,3.6371e-08,-4.9957e-09,107.41,1,9.49e-05,0.01,9.49e-05,5e-05
0.4829,3.5658e-08,-4.8977e-09,107.41,1,9.5e-05,0.01,9.5e-05,5e-05
0.47324,3.4944e-08,-4.7998e-09,107.41,1,9.51e-05,0.01,9.51e-05,5e-05
0.46358,3.4231e-08,-4.7018e-09,107.41,1,9.52e-05,0.01,9.52e-05,5e-05
0.45392,3.3518e-08,-4.6039e-09,107.41,1,9.53e-05,0.01,9.53e-05,5e-05
0.44427,3.2805e-08,-4.5059e-09,107.41,1,9.54e-05,0.01,9.54e-05,5e-05
0.43461,3.2092e-08,-4.4079e-09,107.41,1,9.55e-05,0.01,9.55e-05,5e-05
0.42495,3.1379e-08,-4.31e-09,107.41,1,9.56e-05,0.01,9.56e-05,5e-05
0.41529,3.0666e-08,-4.212e-09,107.41,1,9.57e-05,0.01,9.57e-05,5e-05
0.40563,2.9952e-08,-4.1141e-09,107.41,1,9.58e-05,0.01,9.58e-05,5e-05
0.39598,2.9239e-08,-4.0161e-09,107.41,1,9.59e-05,0.01,9.59e-05,5e-05
0.38632,2.8526e-08,-3.9182e-09,107.41,1,9.6e-05,0.01,9.6e-05,5e-05
0.37666,2.7813e-08,-3.8202e-09,107.41,1,9.61e-05,0.01,9.61e-05,5e-05
0.367,2.71e-08,-3.7223e-09,107.41,1,9.62e-05,0.01,9.62e-05,5e-05
0.35734,2.6387e-08,-3.6243e-09,107.41,1,9.63e-05,0.01,9.63e-05,5e-05
0.34769,2.5673e-08,-3.5264e-09,107.41,1,9.64e-05,0.01,9.64e-05,5e-05
0.33803,2.496e-08,-3.4284e-09,107.41,1,9.65e-05,0.01,9.65e-05,5e-05
0.32837,2.4247e-08,-3.3304e-09,107.41,1,9.66e-05,0.01,9.66e-05,5e-05
0.31871,2.3534e-08,-3.2325e-09,107.41,1,9.67e-05,0.01,9.67e-05,5e-05
0.30906,2.2821e-08,-3.1345e-09,107.41,1,9.68e-05,0.01,9.68e-05,5e-05
0.2994,2.2108e-08,-3.0366e-09,107.41,1,9.69e-05,0.01,9.69e-05,5e-05
0.28974,2.1395e-08,-2.9386e-09,107.41,1,9.7e-05,0.01,9.7e-05,5e-05
0.28008,2.0681e-08,-2.8407e-09,107.41,1,9.71e-05,0.01,9.71e-05,5e-05
0.27042,1.9968e-08,-2.7427e-09,107.41,1,9.72e-05,0.01,9.72e-05,5e-05
0.26077,1.9255e-08,-2.6448e-09,107.41,1,9.73e-05,0.01,9.73e-05,5e-05
0.25111,1.8542e-08,-2.5468e-09,107.41,1,9.74e-05,0.01,9.74e-05,5e-05
0.24145,1.7829e-08,-2.4489e-09,107.41,1,9.75e-05,0.01,9.75e-05,5e-05
0.23179,1.7116e-08,-2.3509e-09,107.41,1,9.76e-05,0.01,9.76e-05,5e-05
0.22213,1.6403e-08,-2.253e-09,107.41,1,9.77e-05,0.01,9.77e-05,5e-05
0.21248,1.5689e-08,-2.155e-09,107.41,1,9.78e-05,0.01,9.78e-05,5e-05
0.20282,1.4976e-08,-2.057e-09,107.41,1,9.79e-05,0.01,9.79e-05,5e-05
0.19316,1.4263e-08,-1.9591e-09,107.41,1,9.8e-05,0.01,9.8e-05,5e-05
0.1835,1.355e-08,-1.8611e-09,107.41,1,9.81e-05,0.01,9.81e-05,5e-05
0.17384,1.2837e-08,-1.7632e-09,107.41,1,9.82e-05,0.01,9.82e-05,5e-05
0.16419,1.2124e-08,-1.6652e-09,107.41,1,9.83e-05,0.01,9.83e-05,5e-05
0.15453,1.141e-08,-1.5673e-09,107.41,1,9.84e-05,0.01,9.84e-05,5e-05
0.14487,1.0697e-08,-1.4693e-09,107.41,1,9.85e-05,0.01,9.85e-05,5e-05
0.13521,9.9842e-09,-1.3714e-09,107.41,1,9.86e-05,0.01,9.86e-05,5e-05
0.12555,9.271e-09,-1.2734e-09,107.41,1,9.87e-05,0.01,9.87e-05,5e-05
0.1159,8.5578e-09,-1.1755e-09,107.41,1,9.88e-05,0.01,9.88e-05,5e-05
0.10624,7.8447e-09,-1.0775e-09,107.41,1,9.89e-05,0.01,9.89e-05,5e-05
0.09658,7.1315e-09,-9.7954e-10,107.41,1,9.9e-05,0.01,9.9e-05,5e-05
0.086922,6.4184e-09,-8.8159e-10,107.41,1,9.91e-05,0.01,9.91e-05,5e-05
0.077264,5.7052e-09,-7.8363e-10,107.41,1,9.92e-05,0.01,9.92e-05,5e-05
0.067606,4.9921e-09,-6.8568e-10,107.41,1,9.93e-05,0.01,9.93e-05,5e-05
0.057948,4.2789e-09,-5.8772e-10,107.41,1,9.94e-05,0.01,9.94e-05,5e-05
0.04829,3.5657e-09,-4.8977e-10,107.41,1,9.95e-05,0.01,9.95e-05,5e-05
0.038632,2.8526e-09,-3.9182e-10,107.41,1,9.96e-05,0.01,9.96e-05,5e-05
0.028974,2.1395e-09,-2.9387e-10,107.41,1,9.97e-05,0.01,9.97e-05,5e-05
0.019316,1.4263e-09,-1.9591e-10,107.41,1,9.98e-05,0.01,9.98e-05,5e-05
0.009658,7.1316e-10,-9.7955e-11,107.41,1,9.99e-05,0.01,9.99e-05,5e-05
0,0,0,107.41,1,0.0001,0.01,0.0001,5e-05
